{"cron_job_id": 1, "cron_expression": "*/15 * * * *", "edge_function_name": "market-data-sync-cron", "cron_job_name": "market-data-sync-cron_invoke", "raw_sql": "\n            CREATE OR REPLACE PROCEDURE market_data_sync_cron_7ec1c73f()\n            LANGUAGE plpgsql\n            AS $$\n            BEGIN\n            PERFORM net.http_post(\n            url:='https://twbromyqdzzjdddqaivs.supabase.co/functions/v1/market-data-sync-cron',\n            headers:=jsonb_build_object('Content-Type', 'application/json'),\n            body:='{\"edge_function_name\":\"market-data-sync-cron\"}',\n            timeout_milliseconds:=10000\n            );\n            COMMIT;\n            END;\n            $$;\n\n            SELECT cron.schedule('market-data-sync-cron_invoke', '*/15 * * * *', 'CALL market_data_sync_cron_7ec1c73f()');\n            "}