{"cron_job_id": 2, "cron_expression": "0 6 * * *", "edge_function_name": "ai-analysis", "cron_job_name": "ai-analysis_invoke", "raw_sql": "\n            CREATE OR REPLACE PROCEDURE ai_analysis_a0cb4d2d()\n            LANGUAGE plpgsql\n            AS $$\n            BEGIN\n            PERFORM net.http_post(\n            url:='https://twbromyqdzzjdddqaivs.supabase.co/functions/v1/ai-analysis',\n            headers:=jsonb_build_object('Content-Type', 'application/json'),\n            body:='{\"edge_function_name\":\"ai-analysis\"}',\n            timeout_milliseconds:=10000\n            );\n            COMMIT;\n            END;\n            $$;\n\n            SELECT cron.schedule('ai-analysis_invoke', '0 6 * * *', 'CALL ai_analysis_a0cb4d2d()');\n            "}