{"cron_job_id": 4, "cron_expression": "*/15 * * * *", "edge_function_name": "update-all-prices", "cron_job_name": "update-all-prices_invoke", "raw_sql": "\n            CREATE OR REPLACE PROCEDURE update_all_prices_7a5e4d52()\n            LANGUAGE plpgsql\n            AS $$\n            BEGIN\n            PERFORM net.http_post(\n            url:='https://twbromyqdzzjdddqaivs.supabase.co/functions/v1/update-all-prices',\n            headers:=jsonb_build_object('Content-Type', 'application/json'),\n            body:='{\"edge_function_name\":\"update-all-prices\"}',\n            timeout_milliseconds:=10000\n            );\n            COMMIT;\n            END;\n            $$;\n\n            SELECT cron.schedule('update-all-prices_invoke', '*/15 * * * *', 'CALL update_all_prices_7a5e4d52()');\n            "}