{"cron_job_id": 3, "cron_expression": "*/5 * * * *", "edge_function_name": "check-alerts", "cron_job_name": "check-alerts_invoke", "raw_sql": "\n            CREATE OR REPLACE PROCEDURE check_alerts_44e6373d()\n            LANGUAGE plpgsql\n            AS $$\n            BEGIN\n            PERFORM net.http_post(\n            url:='https://twbromyqdzzjdddqaivs.supabase.co/functions/v1/check-alerts',\n            headers:=jsonb_build_object('Content-Type', 'application/json'),\n            body:='{\"edge_function_name\":\"check-alerts\"}',\n            timeout_milliseconds:=10000\n            );\n            COMMIT;\n            END;\n            $$;\n\n            SELECT cron.schedule('check-alerts_invoke', '*/5 * * * *', 'CALL check_alerts_44e6373d()');\n            "}