{"analiz_tarihi": "2025-11-09", "toplam_slayt": 259, "toplam_bos_tablo": 31, "kaynak_linkler": {"tuik": {"domain": "www.tuik.gov.tr", "toplam_link": 21, "kritik_tarihler": ["3 Temmuz 2025", "30 Haziran 2025", "2 Temmuz 2025", "16 Haziran 2025", "20 Haziran 2025"]}, "tcmb": {"domain": "www.tcmb.gov.tr", "toplam_link": 34, "kritik_tarihler": ["3 Temmuz 2025", "5 Temmuz 2025", "16 Haziran 2025", "20 Haziran 2025"]}, "hazine": {"domainlar": ["www.muhasebat.gov.tr", "www.muhasebat.hmb.gov.tr"], "toplam_link": 8, "kritik_tarihler": ["20 Haziran 2025", "24 Ocak 2023"]}, "bddk": {"domain": "www.bddk.org.tr", "toplam_link": 5, "kritik_tarihler": ["3 Temmuz 2025", "26 Haziran 2025"]}, "diger": {"toplam_link": 26, "ana_kaynaklar": ["www.yigm.ktb.gov.tr", "www.kultur.gov.tr", "www.investing.com", "www.bloomberght.com", "www.borsaistanbul.com", "www.tbb.org.tr"]}}, "bos_tablolar_detay": {"tuik_bos_tablolar": [{"slayt_numarasi": 15, "tablo_adi": "Content Placeholder 3", "konu": "Enflasyon Tahminleri", "beklenen_veri": "TÜFE manşet enflasyon oranı güncel tablo", "kaynak_tarih": "3 Temmuz 2025", "kaynak_url": "www.tuik.gov.tr", "veri_tipi": "Aylık enflasyon yüzdesi", "priorite": "Kritik"}, {"slayt_numarasi": 16, "tablo_adi": "Content Placeholder 3", "konu": "TCMB Enflasyon Tahmin", "beklenen_veri": "TCMB enflasyon tahmin ve revizyonları", "kaynak_tarih": "23 Mayıs 2025", "kaynak_url": "www.bloomberght.com", "veri_tipi": "Enflasyon tahmin yüzdesi", "priorite": "Kritik"}], "tcmb_bos_tablolar": [{"slayt_numarasi": 98, "tablo_adi": "İçerik Yer Tutucusu 3", "konu": "Yurt İçi Swap İşlemleri", "beklenen_veri": "Yurt içi bankalar yapılan toplam swap tutarı (milyon $)", "kaynak_tarih": "27 Mart 2024", "kaynak_url": "www.tcmb.gov.tr", "veri_tipi": "Aylık swap tutarı (milyon $)", "priorite": "Orta"}, {"slayt_numarasi": 99, "tablo_adi": "İçerik Yer Tutucusu 3", "konu": "Yurt İçi Swap İşlemleri", "beklenen_veri": "Yurt içi bankalar yapılan toplam swap tutarı (milyon $)", "kaynak_tarih": "24 Mayıs 2024", "kaynak_url": "www.tcmb.gov.tr", "veri_tipi": "Aylık swap tutarı (milyon $)", "priorite": "Orta"}, {"slayt_numarasi": 100, "tablo_adi": "İçerik Yer Tutucusu 3", "konu": "Yurt İçi Swap İşlemleri", "beklenen_veri": "Yurt içi bankalar yapılan toplam swap tutarı (milyon $)", "kaynak_tarih": "22 Ağustos 2024", "kaynak_url": "www.tcmb.gov.tr", "veri_tipi": "Aylık swap tutarı (milyon $)", "priorite": "Orta"}, {"slayt_numarasi": 101, "tablo_adi": "İçerik Yer Tutucusu 3", "konu": "Yurt İçi Swap İşlemleri", "beklenen_veri": "Yurt içi bankalar yapılan toplam swap tutarı (milyon $)", "kaynak_tarih": "3 Temmuz 2025", "kaynak_url": "www.tcmb.gov.tr", "veri_tipi": "Aylık swap tutarı (milyon $)", "priorite": "Orta"}, {"slayt_numarasi": 170, "tablo_adi": "İçerik Yer Tutucusu 7", "konu": "Ticari Kredi Faiz Oranları", "beklenen_veri": "Bankaların uyguladığı ortalama ağırlıklı faiz oranı (2007-2025)", "kaynak_tarih": "3 Temmuz 2025", "kaynak_url": "www.tcmb.gov.tr", "veri_tipi": "Yıllık faiz oranı (%)", "priorite": "Yüksek"}], "diger_bos_tablolar": [{"slayt_numarasi": 21, "tablo_adi": "3 İçerik Yer Tutucusu", "konu": "Bütçe Açığının Milli Gelire Oranı", "beklenen_veri": "2000-2024 yılı bütçe açığının milli gelire oranı", "kaynak_tarih": "24 Mart 2025", "kaynak_url": "www.tuik.gov.tr", "veri_tipi": "Yıllık oran (%)", "priorite": "Yüksek"}, {"slayt_numarasi": 24, "tablo_adi": "3 İçerik Yer Tutucusu", "konu": "2005-2013 Aylık İşsizlik", "beklenen_veri": "Aylık işsizlik oranları 2005-2013 dönemi", "kaynak_tarih": "10 Şubat 2021", "kaynak_url": "www.tuik.gov.tr", "veri_tipi": "Aylık işsizlik oranı (%)", "priorite": "Orta"}, {"slayt_numarasi": 25, "tablo_adi": "3 İçerik Yer Tutucusu", "konu": "2014-2023 Aylık İşsizlik", "beklenen_veri": "Aylık işsizlik oranları 2014-2023 dönemi", "kaynak_tarih": "12 Haziran 2024", "kaynak_url": "www.tuik.gov.tr", "veri_tipi": "Aylık işsizlik oranı (%)", "priorite": "Orta"}, {"slayt_numarasi": 26, "tablo_adi": "3 İçerik Yer Tutucusu", "konu": "2024-2033 Aylık İşsizlik", "beklenen_veri": "Aylık işsizlik oranları 2024-2033 dönemi", "kaynak_tarih": "2 Temmuz 2025", "kaynak_url": "www.tuik.gov.tr", "veri_tipi": "Aylık işsizlik oranı (%)", "priorite": "Kritik"}, {"slayt_numarasi": 37, "tablo_adi": "3 İçerik Yer Tutucusu", "konu": "İhracat-İthalat 2024-2025", "beklenen_veri": "2024-2025 yılı ihracat-ithalat rakamları (genel ticaret sistemine göre)", "kaynak_tarih": "2 Ekim 2025", "kaynak_url": "www.tuik.gov.tr", "veri_tipi": "Aylık/dönemsel veri (milyon $)", "priorite": "Yüksek"}, {"slayt_numarasi": 38, "tablo_adi": "3 İçerik Yer Tutucusu", "konu": "İhracat-İthalat 2024-2025 (Genel)", "beklenen_veri": "2024-2025 yılı ihracat-ithalat rakamları (genel ticaret sistemine göre)", "kaynak_tarih": "2 Temmuz 2025", "kaynak_url": "www.tuik.gov.tr", "veri_tipi": "Aylık/dönemsel veri (milyon $)", "priorite": "Yüksek"}, {"slayt_numarasi": 39, "tablo_adi": "3 İçerik Yer Tutucusu", "konu": "Sektörel İhracat Dağılımı", "beklenen_veri": "Sektörlere göre ihracatın dağılımı (milyon dolar)", "kaynak_tarih": "30 Haziran 2025", "kaynak_url": "www.tuik.gov.tr", "veri_tipi": "Sektörel veri (milyon $)", "priorite": "Orta"}, {"slayt_numarasi": 40, "tablo_adi": "3 İçerik Yer Tutucusu", "konu": "İthalat Sınıflandırması (Şubat)", "beklenen_veri": "İthalat kalemleri (genel ticaret sistemine göre)", "kaynak_tarih": "6 Şubat 2025", "kaynak_url": "www.tuik.gov.tr", "veri_tipi": "Ürün grubu verisi (milyon $)", "priorite": "Düşük"}, {"slayt_numarasi": 41, "tablo_adi": "3 İçerik Yer Tutucusu", "konu": "İthalat Sınıflandırması (Haziran)", "beklenen_veri": "İthalat kalemleri (genel ticaret sistemine göre)", "kaynak_tarih": "30 Haziran 2025", "kaynak_url": "www.tuik.gov.tr", "veri_tipi": "Ürün grubu verisi (milyon $)", "priorite": "Düşük"}, {"slayt_numarasi": 154, "tablo_adi": "İçerik Yer Tutucusu 3", "konu": "Çeşitli Finansal Veriler", "beklenen_veri": "Finansal piyasa göstergeleri", "kaynak_tarih": "Bilinmiyor", "kaynak_url": "Bilinmiyor", "veri_tipi": "Çeşitli", "priorite": "Düşük"}, {"slayt_numarasi": 155, "tablo_adi": "İçerik Yer Tutucusu 3", "konu": "Çeşitli Finansal Veriler", "beklenen_veri": "Finansal piyasa göstergeleri", "kaynak_tarih": "Bilinmiyor", "kaynak_url": "Bilinmiyor", "veri_tipi": "Çeşitli", "priorite": "Düşük"}, {"slayt_numarasi": 156, "tablo_adi": "İçerik Yer Tutucusu 3", "konu": "Çeşitli Finansal Veriler", "beklenen_veri": "Finansal piyasa göstergeleri", "kaynak_tarih": "Bilinmiyor", "kaynak_url": "Bilinmiyor", "veri_tipi": "Çeşitli", "priorite": "Düşük"}, {"slayt_numarasi": 157, "tablo_adi": "İçerik Yer Tutucusu 3", "konu": "Çeşitli Finansal Veriler", "beklenen_veri": "Finansal piyasa göstergeleri", "kaynak_tarih": "Bilinmiyor", "kaynak_url": "Bilinmiyor", "veri_tipi": "Çeşitli", "priorite": "Düşük"}, {"slayt_numarasi": 158, "tablo_adi": "İçerik Yer Tutucusu 3", "konu": "Çeşitli Finansal Veriler", "beklenen_veri": "Finansal piyasa göstergeleri", "kaynak_tarih": "Bilinmiyor", "kaynak_url": "Bilinmiyor", "veri_tipi": "Çeşitli", "priorite": "Düşük"}, {"slayt_numarasi": 161, "tablo_adi": "İçerik Yer Tutucusu 5", "konu": "Çeşitli Veriler", "beklenen_veri": "Ekonomik göstergeler", "kaynak_tarih": "Bilinmiyor", "kaynak_url": "Bilinmiyor", "veri_tipi": "Çeşitli", "priorite": "Düşük"}, {"slayt_numarasi": 214, "tablo_adi": "İçerik Yer Tutucusu 3", "konu": "Çeşitli Finansal Veriler", "beklenen_veri": "Finansal piyasa göstergeleri", "kaynak_tarih": "Bilinmiyor", "kaynak_url": "Bilinmiyor", "veri_tipi": "Çeşitli", "priorite": "Düşük"}, {"slayt_numarasi": 247, "tablo_adi": "İçerik Yer Tutucusu 3", "konu": "Net Asgari Ücret", "beklenen_veri": "Net asgari ücret (TL ve $)", "kaynak_tarih": "Bilinmiyor", "kaynak_url": "Bilinmiyor", "veri_tipi": "Aylık ücret (TL, $)", "priorite": "Orta"}, {"slayt_numarasi": 249, "tablo_adi": "İçerik Yer Tutucusu 3", "konu": "Satın Alma Gücüne Göre Asgari Ücret", "beklenen_veri": "Satın alma gücüne göre asgari ücret", "kaynak_tarih": "Bilinmiyor", "kaynak_url": "Bilinmiyor", "veri_tipi": "Karşılaştırmalı ücret", "priorite": "Orta"}]}, "kritik_oncelik_listesi": [{"slayt": 15, "baslik": "TÜFE Manşet Enflasyon", "kaynak": "www.tuik.gov.tr", "neden": "Enflasyon Türkiye'nin en önemli ekonomik göstergesi", "veri_tipi": "Aylık enflasyon (%)", "hedef_tarih": "Kasım 2025"}, {"slayt": 26, "baslik": "2024-2033 Aylık İşsizlik", "kaynak": "www.tuik.gov.tr", "neden": "İşsizlik oranı güncel durum", "veri_tipi": "Aylık işsizlik (%)", "hedef_tarih": "Ekim 2025"}, {"slayt": 170, "baslik": "Ticari Kredi Faiz Oranları", "kaynak": "www.tcmb.gov.tr", "neden": "Finansal maliyetler", "veri_tipi": "Faiz oranı (%)", "hedef_tarih": "Kasım 2025"}, {"slayt": 21, "baslik": "Bütçe Açığı Oranı", "kaynak": "www.tuik.gov.tr", "neden": "Mali performans göstergesi", "veri_tipi": "Oran (%)", "hedef_tarih": "2024"}, {"slayt": 16, "baslik": "TCMB Enflasyon Tahmin", "kaynak": "www.bloomberght.com", "neden": "Gelecek öngörüleri", "veri_tipi": "Tahmin (%)", "hedef_tarih": "2025-2026"}], "veri_toplama_sonraki_adimlar": [{"adim": 1, "hedef": "TÜİK Ana Sayfası Erişimi", "url": "https://www.tuik.gov.tr", "veri_tipleri": ["TÜFE", "ÜFE", "İşsizlik", "Dış Ticaret"], "dosya_formati": ["Excel", "PDF"]}, {"adim": 2, "hedef": "TCMB Veri Portalı", "url": "https://www.tcmb.gov.tr", "veri_tipleri": ["Rezervler", "Para Arzı", "Faiz Oranları", "Döviz Kuru"], "dosya_formati": ["Excel", "PDF"]}, {"adim": 3, "hedef": "BDDK İstatistikler", "url": "https://www.bddk.org.tr", "veri_tipleri": ["Bankacılık", "Kur Korumalı Mevduat", "Takipteki Alacaklar"], "dosya_formati": ["Excel", "PDF"]}, {"adim": 4, "hedef": "Hazine Portal", "url": "https://www.muhasebat.gov.tr", "veri_tipleri": ["Bütçe Dengesi", "Nakit Gerçekleşmeleri"], "dosya_formati": ["Excel", "PDF"]}, {"adim": 5, "hedef": "Diğer Kaynaklar", "veri_tipleri": ["Turizm", "CDS", "Emtia", "BIST"], "dosya_formati": ["Excel", "PDF"]}], "platform_entegrasyon_kontrol": [{"dosya": "economicData.ts", "lokasyon": "finansal-platform/src/data/economicData.ts", "guncelleme_tipi": "Sample data arrays", "kontrol_noktasi": "Tablo renderı"}, {"dosya": "supabase.ts", "lokasyon": "finansal-platform/src/lib/supabase.ts", "guncelleme_tipi": "Sample macro data", "kontrol_noktasi": "Veri yükleme"}]}