{
  "total_slides": 259,
  "tuik_tables": [
    {
      "slide_number": 11,
      "table_name": "Tablo 1",
      "table_type": "table",
      "content_preview": "['ÖNCEKİ… TÜFE MANŞET ENFLASYON ORANI TABLOSU (TÜFE)                              (Kaynak: 3 Temmuz 2025 www.tuik.gov.tr )']"
    },
    {
      "slide_number": 12,
      "table_name": "Tablo 1",
      "table_type": "table",
      "content_preview": "['REVİZE…TÜFE MANŞET ENFLASYON ORANI TABLOSU (TÜFE)                              (Kaynak: 3 Temmuz 2025 www.tuik.gov.tr )']"
    },
    {
      "slide_number": 13,
      "table_name": "Tablo 4",
      "table_type": "table",
      "content_preview": "['ÜLKEMİZDE ÜRETİCİ FİYAT ENDEKSİ (ÜFE) \\n       (Kaynak: 22 EYLÜL 2023 www.tuik.gov.tr )']"
    },
    {
      "slide_number": 21,
      "table_name": "3 İçerik Yer Tutucusu",
      "table_type": "table",
      "content_preview": "['2000-2024 YILI BÜTÇE AÇIĞININ MİLLİ GELİRE ORANI\\x0b(Kaynak: 24 Mart 2025 (www.tuik.gov.tr )']"
    },
    {
      "slide_number": 24,
      "table_name": "3 İçerik Yer Tutucusu",
      "table_type": "table",
      "content_preview": "['2005-2013 AYLIK İŞSİZLİK ORANLARI                   \\n       (Kaynak: 10 Şubat 2021 www.tuik.gov.tr )']"
    },
    {
      "slide_number": 25,
      "table_name": "3 İçerik Yer Tutucusu",
      "table_type": "table",
      "content_preview": "['2014-2023 AYLIK İŞSİZLİK ORANLARI                   \\n       (Kaynak: 12 HAZİRAN 2024 www.tuik.gov.tr )']"
    },
    {
      "slide_number": 26,
      "table_name": "3 İçerik Yer Tutucusu",
      "table_type": "table",
      "content_preview": "['2024-2033 AYLIK İŞSİZLİK ORANLARI                   \\n       (Kaynak: 2 Temmuz 2025  www.tuik.gov.tr )']"
    },
    {
      "slide_number": 36,
      "table_name": "Tablo 3",
      "table_type": "table",
      "content_preview": "['2024-2025 YILI İHRACAT - İTHALAT RAKAMLARI\\xa0 \\x0b(ÖZEL TİCARET SİSTEMİNE GÖRE)\\x0b(Kaynak: 30 Haziran 2025 www.tuik.gov.tr )']"
    },
    {
      "slide_number": 38,
      "table_name": "3 İçerik Yer Tutucusu",
      "table_type": "table",
      "content_preview": "['2024-2025 YILI İHRACAT - İTHALAT RAKAMLARI  \\x0b(GENEL TİCARET SİSTEMİNE GÖRE)\\x0b(Kaynak: 2 Temmuz 2025 www.tuik.gov.tr )']"
    },
    {
      "slide_number": 39,
      "table_name": "3 İçerik Yer Tutucusu",
      "table_type": "table",
      "content_preview": "['SEKTÖRLERE GÖRE İHRACATIN DAĞILIMI \\x0b(Kaynak: 30 Haziran 2025 www.tuik.gov.tr ) (MİLYON DOLAR)']"
    },
    {
      "slide_number": 40,
      "table_name": "3 İçerik Yer Tutucusu",
      "table_type": "table",
      "content_preview": "['29. İTHALATIN SINIFLANDIRILMASI -\\x0bİTHALAT KALEMLERİ (GENEL TİCARET SİSTEMİNE GÖRE)\\x0b(Kaynak: 6 Şubat 2025 www.tuik.gov.tr )']"
    },
    {
      "slide_number": 41,
      "table_name": "3 İçerik Yer Tutucusu",
      "table_type": "table",
      "content_preview": "['29. İTHALATIN SINIFLANDIRILMASI -\\x0bİTHALAT KALEMLERİ (GENEL TİCARET SİSTEMİNE GÖRE)\\x0b(Kaynak: 30 Haziran 2025 www.tuik.gov.tr )']"
    },
    {
      "slide_number": 46,
      "table_name": "4 Tablo",
      "table_type": "table",
      "content_preview": "['TÜRKİYE ENERJİ İTHALATI  (2023-2031)\\n(Kaynak: 16 Haziran 2025 www.tuik.gov.tr )']"
    },
    {
      "slide_number": 132,
      "table_name": "4 Tablo",
      "table_type": "table",
      "content_preview": "['SANAYİ ÜRETİM ENDEKSİ TABLOSU                                                (Kaynak: 13 Haziran 2025www.tuik.gov.tr )']"
    },
    {
      "slide_number": 134,
      "table_name": "4 Tablo",
      "table_type": "table",
      "content_preview": "['HİZMET SEKTÖRÜ CİRO ENDEKSİ\\n      (Kaynak: 16 Haziran 2025 www.tuik.gov.tr )']"
    },
    {
      "slide_number": 164,
      "table_name": "Tablo 1",
      "table_type": "table",
      "content_preview": "['ÖNCEKİ… TÜFE MANŞET ENFLASYON ORANI TABLOSU (TÜFE)                              (Kaynak: 3 Temmuz 2025 www.tuik.gov.tr )']"
    },
    {
      "slide_number": 165,
      "table_name": "Tablo 1",
      "table_type": "table",
      "content_preview": "['REVİZE…TÜFE MANŞET ENFLASYON ORANI TABLOSU (TÜFE)                              (Kaynak: 3 Temmuz 2025 www.tuik.gov.tr )']"
    },
    {
      "slide_number": 183,
      "table_name": "4 Tablo",
      "table_type": "table",
      "content_preview": "['TÜRKİYE GENELİNDE TOPLAM KONUT SATIŞLARI \\n(Kaynak: 20 Haziran 2025 www.tuik.gov.tr )']"
    },
    {
      "slide_number": 184,
      "table_name": "Tablo 3",
      "table_type": "table",
      "content_preview": "['TÜRKİYE GENELİNDE BİRİNCİ EL VE İKİNCİ EL TOPLAM KONUT SATIŞLARI (Kaynak: 20 Haziran 2025 www.tuik.gov.tr )']"
    },
    {
      "slide_number": 185,
      "table_name": "4 Tablo",
      "table_type": "table",
      "content_preview": "['3. TÜRKİYE GENELİNDE İPOTEKLİ VE DİĞER KONUT SATIŞLARI (Kaynak: 20 Haziran 2025 www.tuik.gov.tr )']"
    }
  ],
  "empty_tables": [
    {
      "slide_number": 15,
      "table_name": "Content Placeholder 3",
      "table_type": "table"
    },
    {
      "slide_number": 16,
      "table_name": "Content Placeholder 3",
      "table_type": "table"
    }
  ],
  "tuik_links": [
    {
      "slide_number": 11,
      "content": "Kaynak: 3 Temmuz 2025 www.tuik.gov.tr",
      "url": "www.tuik.gov.tr"
    },
    {
      "slide_number": 12,
      "content": "Kaynak: 3 Temmuz 2025 www.tuik.gov.tr",
      "url": "www.tuik.gov.tr"
    },
    {
      "slide_number": 13,
      "content": "Kaynak: 22 EYLÜL 2023 www.tuik.gov.tr",
      "url": "www.tuik.gov.tr"
    },
    {
      "slide_number": 21,
      "content": "Kaynak: 24 Mart 2025 (www.tuik.gov.tr",
      "url": "www.tuik.gov.tr"
    },
    {
      "slide_number": 24,
      "content": "Kaynak: 10 Şubat 2021 www.tuik.gov.tr",
      "url": "www.tuik.gov.tr"
    },
    {
      "slide_number": 25,
      "content": "Kaynak: 12 HAZİRAN 2024 www.tuik.gov.tr",
      "url": "www.tuik.gov.tr"
    },
    {
      "slide_number": 26,
      "content": "Kaynak: 2 Temmuz 2025  www.tuik.gov.tr",
      "url": "www.tuik.gov.tr"
    },
    {
      "slide_number": 27,
      "content": "Kaynak: : www.tuik.gov.tr",
      "url": "www.tuik.gov.tr"
    },
    {
      "slide_number": 36,
      "content": "Kaynak: 30 Haziran 2025 www.tuik.gov.tr",
      "url": "www.tuik.gov.tr"
    },
    {
      "slide_number": 38,
      "content": "Kaynak: 2 Temmuz 2025 www.tuik.gov.tr",
      "url": "www.tuik.gov.tr"
    },
    {
      "slide_number": 39,
      "content": "Kaynak: 30 Haziran 2025 www.tuik.gov.tr",
      "url": "www.tuik.gov.tr"
    },
    {
      "slide_number": 40,
      "content": "Kaynak: 6 Şubat 2025 www.tuik.gov.tr",
      "url": "www.tuik.gov.tr"
    },
    {
      "slide_number": 41,
      "content": "Kaynak: 30 Haziran 2025 www.tuik.gov.tr",
      "url": "www.tuik.gov.tr"
    },
    {
      "slide_number": 46,
      "content": "Kaynak: 16 Haziran 2025 www.tuik.gov.tr",
      "url": "www.tuik.gov.tr"
    },
    {
      "slide_number": 132,
      "content": "Kaynak: 13 Haziran 2025www.tuik.gov.tr",
      "url": "www.tuik.gov.tr"
    },
    {
      "slide_number": 134,
      "content": "Kaynak: 16 Haziran 2025 www.tuik.gov.tr",
      "url": "www.tuik.gov.tr"
    },
    {
      "slide_number": 164,
      "content": "Kaynak: 3 Temmuz 2025 www.tuik.gov.tr",
      "url": "www.tuik.gov.tr"
    },
    {
      "slide_number": 165,
      "content": "Kaynak: 3 Temmuz 2025 www.tuik.gov.tr",
      "url": "www.tuik.gov.tr"
    },
    {
      "slide_number": 183,
      "content": "Kaynak: 20 Haziran 2025 www.tuik.gov.tr",
      "url": "www.tuik.gov.tr"
    },
    {
      "slide_number": 184,
      "content": "Kaynak: 20 Haziran 2025 www.tuik.gov.tr",
      "url": "www.tuik.gov.tr"
    },
    {
      "slide_number": 185,
      "content": "Kaynak: 20 Haziran 2025 www.tuik.gov.tr",
      "url": "www.tuik.gov.tr"
    }
  ],
  "summary": {
    "total_tuik_tables": 20,
    "total_empty_tables": 2,
    "total_tuik_links": 21
  }
}