[
  {
    "Tüketici fiyat endeks rakamları (2003=100)":"Consumer price index numbers (2003=100)",
    "Unnamed: 1":null,
    "Unnamed: 2":null,
    "Unnamed: 3":null,
    "Unnamed: 4":null,
    "Unnamed: 5":null,
    "Unnamed: 6":null,
    "Unnamed: 7":null,
    "Unnamed: 8":null,
    "Unnamed: 9":null,
    "Unnamed: 10":null,
    "Unnamed: 11":null,
    "Unnamed: 12":null
  },
  {
    "Tüketici fiyat endeks rakamları (2003=100)":null,
    "Unnamed: 1":"Ocak",
    "Unnamed: 2":"Şubat",
    "Unnamed: 3":"Mart",
    "Unnamed: 4":"Nisan",
    "Unnamed: 5":"Mayıs",
    "Unnamed: 6":"Haziran",
    "Unnamed: 7":"Temmuz",
    "Unnamed: 8":"Ağustos",
    "Unnamed: 9":"Eylül",
    "Unnamed: 10":"Ekim",
    "Unnamed: 11":"Kasım",
    "Unnamed: 12":"Aralık"
  },
  {
    "Tüketici fiyat endeks rakamları (2003=100)":null,
    "Unnamed: 1":"January",
    "Unnamed: 2":"February",
    "Unnamed: 3":"March",
    "Unnamed: 4":"April",
    "Unnamed: 5":"May",
    "Unnamed: 6":"June",
    "Unnamed: 7":"July",
    "Unnamed: 8":"August",
    "Unnamed: 9":"September",
    "Unnamed: 10":"October",
    "Unnamed: 11":"November",
    "Unnamed: 12":"December"
  },
  {
    "Tüketici fiyat endeks rakamları (2003=100)":2005,
    "Unnamed: 1":114.49,
    "Unnamed: 2":114.51,
    "Unnamed: 3":114.81,
    "Unnamed: 4":115.63,
    "Unnamed: 5":116.69,
    "Unnamed: 6":116.81,
    "Unnamed: 7":116.14,
    "Unnamed: 8":117.13,
    "Unnamed: 9":118.33,
    "Unnamed: 10":120.45,
    "Unnamed: 11":122.14,
    "Unnamed: 12":122.65
  },
  {
    "Tüketici fiyat endeks rakamları (2003=100)":2006,
    "Unnamed: 1":123.57,
    "Unnamed: 2":123.84,
    "Unnamed: 3":124.18,
    "Unnamed: 4":125.84,
    "Unnamed: 5":128.2,
    "Unnamed: 6":128.63,
    "Unnamed: 7":129.72,
    "Unnamed: 8":129.15,
    "Unnamed: 9":130.81,
    "Unnamed: 10":132.47,
    "Unnamed: 11":134.18,
    "Unnamed: 12":134.49
  },
  {
    "Tüketici fiyat endeks rakamları (2003=100)":2007,
    "Unnamed: 1":135.84,
    "Unnamed: 2":136.42,
    "Unnamed: 3":137.67,
    "Unnamed: 4":139.33,
    "Unnamed: 5":140.03,
    "Unnamed: 6":139.69,
    "Unnamed: 7":138.67,
    "Unnamed: 8":138.7,
    "Unnamed: 9":140.13,
    "Unnamed: 10":142.67,
    "Unnamed: 11":145.45,
    "Unnamed: 12":145.77
  },
  {
    "Tüketici fiyat endeks rakamları (2003=100)":2008,
    "Unnamed: 1":146.94,
    "Unnamed: 2":148.84,
    "Unnamed: 3":150.27,
    "Unnamed: 4":152.79,
    "Unnamed: 5":155.07,
    "Unnamed: 6":154.51,
    "Unnamed: 7":155.4,
    "Unnamed: 8":155.02,
    "Unnamed: 9":155.72,
    "Unnamed: 10":159.77,
    "Unnamed: 11":161.1,
    "Unnamed: 12":160.44
  },
  {
    "Tüketici fiyat endeks rakamları (2003=100)":2009,
    "Unnamed: 1":160.9,
    "Unnamed: 2":160.35,
    "Unnamed: 3":162.12,
    "Unnamed: 4":162.15,
    "Unnamed: 5":163.19,
    "Unnamed: 6":163.37,
    "Unnamed: 7":163.78,
    "Unnamed: 8":163.29,
    "Unnamed: 9":163.93,
    "Unnamed: 10":167.88,
    "Unnamed: 11":170.01,
    "Unnamed: 12":170.91
  },
  {
    "Tüketici fiyat endeks rakamları (2003=100)":2010,
    "Unnamed: 1":174.07,
    "Unnamed: 2":176.59,
    "Unnamed: 3":177.62,
    "Unnamed: 4":178.68,
    "Unnamed: 5":178.04,
    "Unnamed: 6":177.04,
    "Unnamed: 7":176.19,
    "Unnamed: 8":176.9,
    "Unnamed: 9":179.07,
    "Unnamed: 10":182.35,
    "Unnamed: 11":182.4,
    "Unnamed: 12":181.85
  },
  {
    "Tüketici fiyat endeks rakamları (2003=100)":2011,
    "Unnamed: 1":182.6,
    "Unnamed: 2":183.93,
    "Unnamed: 3":184.7,
    "Unnamed: 4":186.3,
    "Unnamed: 5":190.81,
    "Unnamed: 6":188.08,
    "Unnamed: 7":187.31,
    "Unnamed: 8":188.67,
    "Unnamed: 9":190.09,
    "Unnamed: 10":196.31,
    "Unnamed: 11":199.7,
    "Unnamed: 12":200.85
  },
  {
    "Tüketici fiyat endeks rakamları (2003=100)":2012,
    "Unnamed: 1":201.98,
    "Unnamed: 2":203.12,
    "Unnamed: 3":203.96,
    "Unnamed: 4":207.05,
    "Unnamed: 5":206.61,
    "Unnamed: 6":204.76,
    "Unnamed: 7":204.29,
    "Unnamed: 8":205.43,
    "Unnamed: 9":207.55,
    "Unnamed: 10":211.62,
    "Unnamed: 11":212.42,
    "Unnamed: 12":213.23
  },
  {
    "Tüketici fiyat endeks rakamları (2003=100)":2013,
    "Unnamed: 1":216.74,
    "Unnamed: 2":217.39,
    "Unnamed: 3":218.83,
    "Unnamed: 4":219.75,
    "Unnamed: 5":220.07,
    "Unnamed: 6":221.75,
    "Unnamed: 7":222.44,
    "Unnamed: 8":222.21,
    "Unnamed: 9":223.91,
    "Unnamed: 10":227.94,
    "Unnamed: 11":227.96,
    "Unnamed: 12":229.01
  },
  {
    "Tüketici fiyat endeks rakamları (2003=100)":2014,
    "Unnamed: 1":233.54,
    "Unnamed: 2":234.54,
    "Unnamed: 3":237.18,
    "Unnamed: 4":240.37,
    "Unnamed: 5":241.32,
    "Unnamed: 6":242.07,
    "Unnamed: 7":243.17,
    "Unnamed: 8":243.4,
    "Unnamed: 9":243.74,
    "Unnamed: 10":248.37,
    "Unnamed: 11":248.82,
    "Unnamed: 12":247.72
  },
  {
    "Tüketici fiyat endeks rakamları (2003=100)":2015,
    "Unnamed: 1":250.45,
    "Unnamed: 2":252.24,
    "Unnamed: 3":255.23,
    "Unnamed: 4":259.39,
    "Unnamed: 5":260.85,
    "Unnamed: 6":259.51,
    "Unnamed: 7":259.74,
    "Unnamed: 8":260.78,
    "Unnamed: 9":263.11,
    "Unnamed: 10":267.2,
    "Unnamed: 11":268.98,
    "Unnamed: 12":269.54
  },
  {
    "Tüketici fiyat endeks rakamları (2003=100)":2016,
    "Unnamed: 1":274.44,
    "Unnamed: 2":274.38,
    "Unnamed: 3":274.27,
    "Unnamed: 4":276.42,
    "Unnamed: 5":278.02,
    "Unnamed: 6":279.33,
    "Unnamed: 7":282.58,
    "Unnamed: 8":281.76,
    "Unnamed: 9":282.27,
    "Unnamed: 10":286.33,
    "Unnamed: 11":287.81,
    "Unnamed: 12":292.54
  },
  {
    "Tüketici fiyat endeks rakamları (2003=100)":2017,
    "Unnamed: 1":299.74,
    "Unnamed: 2":302.17,
    "Unnamed: 3":305.24,
    "Unnamed: 4":309.23,
    "Unnamed: 5":310.61,
    "Unnamed: 6":309.78,
    "Unnamed: 7":310.24,
    "Unnamed: 8":311.85,
    "Unnamed: 9":313.88,
    "Unnamed: 10":320.4,
    "Unnamed: 11":325.18,
    "Unnamed: 12":327.41
  },
  {
    "Tüketici fiyat endeks rakamları (2003=100)":2018,
    "Unnamed: 1":330.75,
    "Unnamed: 2":333.17,
    "Unnamed: 3":336.48,
    "Unnamed: 4":342.78,
    "Unnamed: 5":348.34,
    "Unnamed: 6":357.44,
    "Unnamed: 7":359.41,
    "Unnamed: 8":367.66,
    "Unnamed: 9":390.84,
    "Unnamed: 10":401.27,
    "Unnamed: 11":395.48,
    "Unnamed: 12":393.88
  },
  {
    "Tüketici fiyat endeks rakamları (2003=100)":2019,
    "Unnamed: 1":398.07,
    "Unnamed: 2":398.71,
    "Unnamed: 3":402.81,
    "Unnamed: 4":409.63,
    "Unnamed: 5":413.52,
    "Unnamed: 6":413.63,
    "Unnamed: 7":419.24,
    "Unnamed: 8":422.84,
    "Unnamed: 9":427.04,
    "Unnamed: 10":435.59,
    "Unnamed: 11":437.25,
    "Unnamed: 12":440.5
  },
  {
    "Tüketici fiyat endeks rakamları (2003=100)":2020,
    "Unnamed: 1":446.45,
    "Unnamed: 2":448.02,
    "Unnamed: 3":450.58,
    "Unnamed: 4":454.43,
    "Unnamed: 5":460.62,
    "Unnamed: 6":465.84,
    "Unnamed: 7":468.56,
    "Unnamed: 8":472.61,
    "Unnamed: 9":477.21,
    "Unnamed: 10":487.38,
    "Unnamed: 11":498.58,
    "Unnamed: 12":504.81
  },
  {
    "Tüketici fiyat endeks rakamları (2003=100)":2021,
    "Unnamed: 1":513.3,
    "Unnamed: 2":517.96,
    "Unnamed: 3":523.53,
    "Unnamed: 4":532.32,
    "Unnamed: 5":537.05,
    "Unnamed: 6":547.48,
    "Unnamed: 7":557.36,
    "Unnamed: 8":563.6,
    "Unnamed: 9":570.66,
    "Unnamed: 10":584.32,
    "Unnamed: 11":604.84,
    "Unnamed: 12":686.95
  },
  {
    "Tüketici fiyat endeks rakamları (2003=100)":2022,
    "Unnamed: 1":763.23,
    "Unnamed: 2":799.93,
    "Unnamed: 3":843.64,
    "Unnamed: 4":904.79,
    "Unnamed: 5":931.76,
    "Unnamed: 6":977.9,
    "Unnamed: 7":1001.03,
    "Unnamed: 8":1015.65,
    "Unnamed: 9":1046.89,
    "Unnamed: 10":1084,
    "Unnamed: 11":1115.26,
    "Unnamed: 12":1128.45
  },
  {
    "Tüketici fiyat endeks rakamları (2003=100)":2023,
    "Unnamed: 1":1203.48,
    "Unnamed: 2":1241.33,
    "Unnamed: 3":1269.75,
    "Unnamed: 4":1300.04,
    "Unnamed: 5":1300.6,
    "Unnamed: 6":1351.59,
    "Unnamed: 7":1479.84,
    "Unnamed: 8":1614.31,
    "Unnamed: 9":1691.04,
    "Unnamed: 10":1749.11,
    "Unnamed: 11":1806.5,
    "Unnamed: 12":1859.38
  },
  {
    "Tüketici fiyat endeks rakamları (2003=100)":2024,
    "Unnamed: 1":1984.02,
    "Unnamed: 2":2073.88,
    "Unnamed: 3":2139.47,
    "Unnamed: 4":2207.5,
    "Unnamed: 5":2281.85,
    "Unnamed: 6":2319.29,
    "Unnamed: 7":2394.1,
    "Unnamed: 8":2453.34,
    "Unnamed: 9":2526.16,
    "Unnamed: 10":2598.91,
    "Unnamed: 11":2657.23,
    "Unnamed: 12":2684.55
  },
  {
    "Tüketici fiyat endeks rakamları (2003=100)":2025,
    "Unnamed: 1":2819.65,
    "Unnamed: 2":2883.75,
    "Unnamed: 3":2954.69,
    "Unnamed: 4":3043.23,
    "Unnamed: 5":3089.74,
    "Unnamed: 6":3132.17,
    "Unnamed: 7":3196.66,
    "Unnamed: 8":3261.72,
    "Unnamed: 9":3367.22,
    "Unnamed: 10":3453.09,
    "Unnamed: 11":null,
    "Unnamed: 12":null
  },
  {
    "Tüketici fiyat endeks rakamları (2003=100)":null,
    "Unnamed: 1":null,
    "Unnamed: 2":null,
    "Unnamed: 3":null,
    "Unnamed: 4":null,
    "Unnamed: 5":null,
    "Unnamed: 6":null,
    "Unnamed: 7":null,
    "Unnamed: 8":null,
    "Unnamed: 9":null,
    "Unnamed: 10":null,
    "Unnamed: 11":null,
    "Unnamed: 12":null
  },
  {
    "Tüketici fiyat endeks rakamları (2003=100)":"Aylık değişim (%)",
    "Unnamed: 1":null,
    "Unnamed: 2":null,
    "Unnamed: 3":null,
    "Unnamed: 4":null,
    "Unnamed: 5":null,
    "Unnamed: 6":null,
    "Unnamed: 7":null,
    "Unnamed: 8":null,
    "Unnamed: 9":null,
    "Unnamed: 10":null,
    "Unnamed: 11":null,
    "Unnamed: 12":null
  },
  {
    "Tüketici fiyat endeks rakamları (2003=100)":"Monthly rate of change (%)",
    "Unnamed: 1":null,
    "Unnamed: 2":null,
    "Unnamed: 3":null,
    "Unnamed: 4":null,
    "Unnamed: 5":null,
    "Unnamed: 6":null,
    "Unnamed: 7":null,
    "Unnamed: 8":null,
    "Unnamed: 9":null,
    "Unnamed: 10":null,
    "Unnamed: 11":null,
    "Unnamed: 12":null
  },
  {
    "Tüketici fiyat endeks rakamları (2003=100)":null,
    "Unnamed: 1":"Ocak",
    "Unnamed: 2":"Şubat",
    "Unnamed: 3":"Mart",
    "Unnamed: 4":"Nisan",
    "Unnamed: 5":"Mayıs",
    "Unnamed: 6":"Haziran",
    "Unnamed: 7":"Temmuz",
    "Unnamed: 8":"Ağustos",
    "Unnamed: 9":"Eylül",
    "Unnamed: 10":"Ekim",
    "Unnamed: 11":"Kasım",
    "Unnamed: 12":"Aralık"
  },
  {
    "Tüketici fiyat endeks rakamları (2003=100)":null,
    "Unnamed: 1":"January",
    "Unnamed: 2":"February",
    "Unnamed: 3":"March",
    "Unnamed: 4":"April",
    "Unnamed: 5":"May",
    "Unnamed: 6":"June",
    "Unnamed: 7":"July",
    "Unnamed: 8":"August",
    "Unnamed: 9":"September",
    "Unnamed: 10":"October",
    "Unnamed: 11":"November",
    "Unnamed: 12":"December"
  },
  {
    "Tüketici fiyat endeks rakamları (2003=100)":2005,
    "Unnamed: 1":0.55,
    "Unnamed: 2":0.02,
    "Unnamed: 3":0.26,
    "Unnamed: 4":0.71,
    "Unnamed: 5":0.92,
    "Unnamed: 6":0.1,
    "Unnamed: 7":-0.57,
    "Unnamed: 8":0.85,
    "Unnamed: 9":1.02,
    "Unnamed: 10":1.79,
    "Unnamed: 11":1.4,
    "Unnamed: 12":0.42
  },
  {
    "Tüketici fiyat endeks rakamları (2003=100)":2006,
    "Unnamed: 1":0.75,
    "Unnamed: 2":0.22,
    "Unnamed: 3":0.27,
    "Unnamed: 4":1.34,
    "Unnamed: 5":1.88,
    "Unnamed: 6":0.34,
    "Unnamed: 7":0.85,
    "Unnamed: 8":-0.44,
    "Unnamed: 9":1.29,
    "Unnamed: 10":1.27,
    "Unnamed: 11":1.29,
    "Unnamed: 12":0.23
  },
  {
    "Tüketici fiyat endeks rakamları (2003=100)":2007,
    "Unnamed: 1":1,
    "Unnamed: 2":0.43,
    "Unnamed: 3":0.92,
    "Unnamed: 4":1.21,
    "Unnamed: 5":0.5,
    "Unnamed: 6":-0.24,
    "Unnamed: 7":-0.73,
    "Unnamed: 8":0.02,
    "Unnamed: 9":1.03,
    "Unnamed: 10":1.81,
    "Unnamed: 11":1.95,
    "Unnamed: 12":0.22
  },
  {
    "Tüketici fiyat endeks rakamları (2003=100)":2008,
    "Unnamed: 1":0.8,
    "Unnamed: 2":1.29,
    "Unnamed: 3":0.96,
    "Unnamed: 4":1.68,
    "Unnamed: 5":1.49,
    "Unnamed: 6":-0.36,
    "Unnamed: 7":0.58,
    "Unnamed: 8":-0.24,
    "Unnamed: 9":0.45,
    "Unnamed: 10":2.6,
    "Unnamed: 11":0.83,
    "Unnamed: 12":-0.41
  },
  {
    "Tüketici fiyat endeks rakamları (2003=100)":2009,
    "Unnamed: 1":0.29,
    "Unnamed: 2":-0.34,
    "Unnamed: 3":1.1,
    "Unnamed: 4":0.02,
    "Unnamed: 5":0.64,
    "Unnamed: 6":0.11,
    "Unnamed: 7":0.25,
    "Unnamed: 8":-0.3,
    "Unnamed: 9":0.39,
    "Unnamed: 10":2.41,
    "Unnamed: 11":1.27,
    "Unnamed: 12":0.53
  },
  {
    "Tüketici fiyat endeks rakamları (2003=100)":2010,
    "Unnamed: 1":1.85,
    "Unnamed: 2":1.45,
    "Unnamed: 3":0.58,
    "Unnamed: 4":0.6,
    "Unnamed: 5":-0.36,
    "Unnamed: 6":-0.56,
    "Unnamed: 7":-0.48,
    "Unnamed: 8":0.4,
    "Unnamed: 9":1.23,
    "Unnamed: 10":1.83,
    "Unnamed: 11":0.03,
    "Unnamed: 12":-0.3
  },
  {
    "Tüketici fiyat endeks rakamları (2003=100)":2011,
    "Unnamed: 1":0.41,
    "Unnamed: 2":0.73,
    "Unnamed: 3":0.42,
    "Unnamed: 4":0.87,
    "Unnamed: 5":2.42,
    "Unnamed: 6":-1.43,
    "Unnamed: 7":-0.41,
    "Unnamed: 8":0.73,
    "Unnamed: 9":0.75,
    "Unnamed: 10":3.27,
    "Unnamed: 11":1.73,
    "Unnamed: 12":0.58
  },
  {
    "Tüketici fiyat endeks rakamları (2003=100)":2012,
    "Unnamed: 1":0.56,
    "Unnamed: 2":0.56,
    "Unnamed: 3":0.41,
    "Unnamed: 4":1.52,
    "Unnamed: 5":-0.21,
    "Unnamed: 6":-0.9,
    "Unnamed: 7":-0.23,
    "Unnamed: 8":0.56,
    "Unnamed: 9":1.03,
    "Unnamed: 10":1.96,
    "Unnamed: 11":0.38,
    "Unnamed: 12":0.38
  },
  {
    "Tüketici fiyat endeks rakamları (2003=100)":2013,
    "Unnamed: 1":1.65,
    "Unnamed: 2":0.3,
    "Unnamed: 3":0.66,
    "Unnamed: 4":0.42,
    "Unnamed: 5":0.15,
    "Unnamed: 6":0.76,
    "Unnamed: 7":0.31,
    "Unnamed: 8":-0.1,
    "Unnamed: 9":0.77,
    "Unnamed: 10":1.8,
    "Unnamed: 11":0.01,
    "Unnamed: 12":0.46
  },
  {
    "Tüketici fiyat endeks rakamları (2003=100)":2014,
    "Unnamed: 1":1.98,
    "Unnamed: 2":0.43,
    "Unnamed: 3":1.13,
    "Unnamed: 4":1.34,
    "Unnamed: 5":0.4,
    "Unnamed: 6":0.31,
    "Unnamed: 7":0.45,
    "Unnamed: 8":0.09,
    "Unnamed: 9":0.14,
    "Unnamed: 10":1.9,
    "Unnamed: 11":0.18,
    "Unnamed: 12":-0.44
  },
  {
    "Tüketici fiyat endeks rakamları (2003=100)":2015,
    "Unnamed: 1":1.1,
    "Unnamed: 2":0.71,
    "Unnamed: 3":1.19,
    "Unnamed: 4":1.63,
    "Unnamed: 5":0.56,
    "Unnamed: 6":-0.51,
    "Unnamed: 7":0.09,
    "Unnamed: 8":0.4,
    "Unnamed: 9":0.89,
    "Unnamed: 10":1.55,
    "Unnamed: 11":0.67,
    "Unnamed: 12":0.21
  },
  {
    "Tüketici fiyat endeks rakamları (2003=100)":2016,
    "Unnamed: 1":1.82,
    "Unnamed: 2":-0.02,
    "Unnamed: 3":-0.04,
    "Unnamed: 4":0.78,
    "Unnamed: 5":0.58,
    "Unnamed: 6":0.47,
    "Unnamed: 7":1.16,
    "Unnamed: 8":-0.29,
    "Unnamed: 9":0.18,
    "Unnamed: 10":1.44,
    "Unnamed: 11":0.52,
    "Unnamed: 12":1.64
  },
  {
    "Tüketici fiyat endeks rakamları (2003=100)":2017,
    "Unnamed: 1":2.46,
    "Unnamed: 2":0.81,
    "Unnamed: 3":1.02,
    "Unnamed: 4":1.31,
    "Unnamed: 5":0.45,
    "Unnamed: 6":-0.27,
    "Unnamed: 7":0.15,
    "Unnamed: 8":0.52,
    "Unnamed: 9":0.65,
    "Unnamed: 10":2.08,
    "Unnamed: 11":1.49,
    "Unnamed: 12":0.69
  },
  {
    "Tüketici fiyat endeks rakamları (2003=100)":2018,
    "Unnamed: 1":1.02,
    "Unnamed: 2":0.73,
    "Unnamed: 3":0.99,
    "Unnamed: 4":1.87,
    "Unnamed: 5":1.62,
    "Unnamed: 6":2.61,
    "Unnamed: 7":0.55,
    "Unnamed: 8":2.3,
    "Unnamed: 9":6.3,
    "Unnamed: 10":2.67,
    "Unnamed: 11":-1.44,
    "Unnamed: 12":-0.4
  },
  {
    "Tüketici fiyat endeks rakamları (2003=100)":2019,
    "Unnamed: 1":1.06,
    "Unnamed: 2":0.16,
    "Unnamed: 3":1.03,
    "Unnamed: 4":1.69,
    "Unnamed: 5":0.95,
    "Unnamed: 6":0.03,
    "Unnamed: 7":1.36,
    "Unnamed: 8":0.86,
    "Unnamed: 9":0.99,
    "Unnamed: 10":2,
    "Unnamed: 11":0.38,
    "Unnamed: 12":0.74
  },
  {
    "Tüketici fiyat endeks rakamları (2003=100)":2020,
    "Unnamed: 1":1.35,
    "Unnamed: 2":0.35,
    "Unnamed: 3":0.57,
    "Unnamed: 4":0.85,
    "Unnamed: 5":1.36,
    "Unnamed: 6":1.13,
    "Unnamed: 7":0.58,
    "Unnamed: 8":0.86,
    "Unnamed: 9":0.97,
    "Unnamed: 10":2.13,
    "Unnamed: 11":2.3,
    "Unnamed: 12":1.25
  },
  {
    "Tüketici fiyat endeks rakamları (2003=100)":2021,
    "Unnamed: 1":1.68,
    "Unnamed: 2":0.91,
    "Unnamed: 3":1.08,
    "Unnamed: 4":1.68,
    "Unnamed: 5":0.89,
    "Unnamed: 6":1.94,
    "Unnamed: 7":1.8,
    "Unnamed: 8":1.12,
    "Unnamed: 9":1.25,
    "Unnamed: 10":2.39,
    "Unnamed: 11":3.51,
    "Unnamed: 12":13.58
  },
  {
    "Tüketici fiyat endeks rakamları (2003=100)":2022,
    "Unnamed: 1":11.1,
    "Unnamed: 2":4.81,
    "Unnamed: 3":5.46,
    "Unnamed: 4":7.25,
    "Unnamed: 5":2.98,
    "Unnamed: 6":4.95,
    "Unnamed: 7":2.37,
    "Unnamed: 8":1.46,
    "Unnamed: 9":3.08,
    "Unnamed: 10":3.54,
    "Unnamed: 11":2.88,
    "Unnamed: 12":1.18
  },
  {
    "Tüketici fiyat endeks rakamları (2003=100)":2023,
    "Unnamed: 1":6.65,
    "Unnamed: 2":3.15,
    "Unnamed: 3":2.29,
    "Unnamed: 4":2.39,
    "Unnamed: 5":0.04,
    "Unnamed: 6":3.92,
    "Unnamed: 7":9.49,
    "Unnamed: 8":9.09,
    "Unnamed: 9":4.75,
    "Unnamed: 10":3.43,
    "Unnamed: 11":3.28,
    "Unnamed: 12":2.93
  },
  {
    "Tüketici fiyat endeks rakamları (2003=100)":2024,
    "Unnamed: 1":6.7,
    "Unnamed: 2":4.53,
    "Unnamed: 3":3.16,
    "Unnamed: 4":3.18,
    "Unnamed: 5":3.37,
    "Unnamed: 6":1.64,
    "Unnamed: 7":3.23,
    "Unnamed: 8":2.47,
    "Unnamed: 9":2.97,
    "Unnamed: 10":2.88,
    "Unnamed: 11":2.24,
    "Unnamed: 12":1.03
  },
  {
    "Tüketici fiyat endeks rakamları (2003=100)":2025,
    "Unnamed: 1":5.03,
    "Unnamed: 2":2.27,
    "Unnamed: 3":2.46,
    "Unnamed: 4":3,
    "Unnamed: 5":1.53,
    "Unnamed: 6":1.37,
    "Unnamed: 7":2.06,
    "Unnamed: 8":2.04,
    "Unnamed: 9":3.23,
    "Unnamed: 10":2.55,
    "Unnamed: 11":null,
    "Unnamed: 12":null
  },
  {
    "Tüketici fiyat endeks rakamları (2003=100)":null,
    "Unnamed: 1":null,
    "Unnamed: 2":null,
    "Unnamed: 3":null,
    "Unnamed: 4":null,
    "Unnamed: 5":null,
    "Unnamed: 6":null,
    "Unnamed: 7":null,
    "Unnamed: 8":null,
    "Unnamed: 9":null,
    "Unnamed: 10":null,
    "Unnamed: 11":null,
    "Unnamed: 12":null
  },
  {
    "Tüketici fiyat endeks rakamları (2003=100)":"Bir önceki yılın aralık ayına göre değişim (%)",
    "Unnamed: 1":null,
    "Unnamed: 2":null,
    "Unnamed: 3":null,
    "Unnamed: 4":null,
    "Unnamed: 5":null,
    "Unnamed: 6":null,
    "Unnamed: 7":null,
    "Unnamed: 8":null,
    "Unnamed: 9":null,
    "Unnamed: 10":null,
    "Unnamed: 11":null,
    "Unnamed: 12":null
  },
  {
    "Tüketici fiyat endeks rakamları (2003=100)":"Rate of change on december of the previous year (%)",
    "Unnamed: 1":null,
    "Unnamed: 2":null,
    "Unnamed: 3":null,
    "Unnamed: 4":null,
    "Unnamed: 5":null,
    "Unnamed: 6":null,
    "Unnamed: 7":null,
    "Unnamed: 8":null,
    "Unnamed: 9":null,
    "Unnamed: 10":null,
    "Unnamed: 11":null,
    "Unnamed: 12":null
  },
  {
    "Tüketici fiyat endeks rakamları (2003=100)":null,
    "Unnamed: 1":"Ocak",
    "Unnamed: 2":"Şubat",
    "Unnamed: 3":"Mart",
    "Unnamed: 4":"Nisan",
    "Unnamed: 5":"Mayıs",
    "Unnamed: 6":"Haziran",
    "Unnamed: 7":"Temmuz",
    "Unnamed: 8":"Ağustos",
    "Unnamed: 9":"Eylül",
    "Unnamed: 10":"Ekim",
    "Unnamed: 11":"Kasım",
    "Unnamed: 12":"Aralık"
  },
  {
    "Tüketici fiyat endeks rakamları (2003=100)":null,
    "Unnamed: 1":"January",
    "Unnamed: 2":"February",
    "Unnamed: 3":"March",
    "Unnamed: 4":"April",
    "Unnamed: 5":"May",
    "Unnamed: 6":"June",
    "Unnamed: 7":"July",
    "Unnamed: 8":"August",
    "Unnamed: 9":"September",
    "Unnamed: 10":"October",
    "Unnamed: 11":"November",
    "Unnamed: 12":"December"
  },
  {
    "Tüketici fiyat endeks rakamları (2003=100)":2005,
    "Unnamed: 1":0.55,
    "Unnamed: 2":0.57,
    "Unnamed: 3":0.83,
    "Unnamed: 4":1.55,
    "Unnamed: 5":2.49,
    "Unnamed: 6":2.59,
    "Unnamed: 7":2,
    "Unnamed: 8":2.87,
    "Unnamed: 9":3.93,
    "Unnamed: 10":5.79,
    "Unnamed: 11":7.27,
    "Unnamed: 12":7.72
  },
  {
    "Tüketici fiyat endeks rakamları (2003=100)":2006,
    "Unnamed: 1":0.75,
    "Unnamed: 2":0.97,
    "Unnamed: 3":1.25,
    "Unnamed: 4":2.6,
    "Unnamed: 5":4.53,
    "Unnamed: 6":4.88,
    "Unnamed: 7":5.76,
    "Unnamed: 8":5.3,
    "Unnamed: 9":6.65,
    "Unnamed: 10":8.01,
    "Unnamed: 11":9.4,
    "Unnamed: 12":9.65
  },
  {
    "Tüketici fiyat endeks rakamları (2003=100)":2007,
    "Unnamed: 1":1,
    "Unnamed: 2":1.44,
    "Unnamed: 3":2.36,
    "Unnamed: 4":3.6,
    "Unnamed: 5":4.12,
    "Unnamed: 6":3.87,
    "Unnamed: 7":3.11,
    "Unnamed: 8":3.13,
    "Unnamed: 9":4.19,
    "Unnamed: 10":6.08,
    "Unnamed: 11":8.15,
    "Unnamed: 12":8.39
  },
  {
    "Tüketici fiyat endeks rakamları (2003=100)":2008,
    "Unnamed: 1":0.8,
    "Unnamed: 2":2.11,
    "Unnamed: 3":3.09,
    "Unnamed: 4":4.82,
    "Unnamed: 5":6.38,
    "Unnamed: 6":6,
    "Unnamed: 7":6.61,
    "Unnamed: 8":6.35,
    "Unnamed: 9":6.83,
    "Unnamed: 10":9.6,
    "Unnamed: 11":10.52,
    "Unnamed: 12":10.06
  },
  {
    "Tüketici fiyat endeks rakamları (2003=100)":2009,
    "Unnamed: 1":0.29,
    "Unnamed: 2":-0.06,
    "Unnamed: 3":1.05,
    "Unnamed: 4":1.07,
    "Unnamed: 5":1.71,
    "Unnamed: 6":1.83,
    "Unnamed: 7":2.08,
    "Unnamed: 8":1.78,
    "Unnamed: 9":2.18,
    "Unnamed: 10":4.64,
    "Unnamed: 11":5.96,
    "Unnamed: 12":6.53
  },
  {
    "Tüketici fiyat endeks rakamları (2003=100)":2010,
    "Unnamed: 1":1.85,
    "Unnamed: 2":3.32,
    "Unnamed: 3":3.93,
    "Unnamed: 4":4.55,
    "Unnamed: 5":4.17,
    "Unnamed: 6":3.59,
    "Unnamed: 7":3.09,
    "Unnamed: 8":3.5,
    "Unnamed: 9":4.77,
    "Unnamed: 10":6.69,
    "Unnamed: 11":6.72,
    "Unnamed: 12":6.4
  },
  {
    "Tüketici fiyat endeks rakamları (2003=100)":2011,
    "Unnamed: 1":0.41,
    "Unnamed: 2":1.14,
    "Unnamed: 3":1.57,
    "Unnamed: 4":2.45,
    "Unnamed: 5":4.93,
    "Unnamed: 6":3.43,
    "Unnamed: 7":3,
    "Unnamed: 8":3.75,
    "Unnamed: 9":4.53,
    "Unnamed: 10":7.95,
    "Unnamed: 11":9.82,
    "Unnamed: 12":10.45
  },
  {
    "Tüketici fiyat endeks rakamları (2003=100)":2012,
    "Unnamed: 1":0.56,
    "Unnamed: 2":1.13,
    "Unnamed: 3":1.55,
    "Unnamed: 4":3.09,
    "Unnamed: 5":2.87,
    "Unnamed: 6":1.95,
    "Unnamed: 7":1.71,
    "Unnamed: 8":2.28,
    "Unnamed: 9":3.34,
    "Unnamed: 10":5.36,
    "Unnamed: 11":5.76,
    "Unnamed: 12":6.16
  },
  {
    "Tüketici fiyat endeks rakamları (2003=100)":2013,
    "Unnamed: 1":1.65,
    "Unnamed: 2":1.95,
    "Unnamed: 3":2.63,
    "Unnamed: 4":3.06,
    "Unnamed: 5":3.21,
    "Unnamed: 6":4,
    "Unnamed: 7":4.32,
    "Unnamed: 8":4.21,
    "Unnamed: 9":5.01,
    "Unnamed: 10":6.9,
    "Unnamed: 11":6.91,
    "Unnamed: 12":7.4
  },
  {
    "Tüketici fiyat endeks rakamları (2003=100)":2014,
    "Unnamed: 1":1.98,
    "Unnamed: 2":2.41,
    "Unnamed: 3":3.57,
    "Unnamed: 4":4.96,
    "Unnamed: 5":5.38,
    "Unnamed: 6":5.7,
    "Unnamed: 7":6.18,
    "Unnamed: 8":6.28,
    "Unnamed: 9":6.43,
    "Unnamed: 10":8.45,
    "Unnamed: 11":8.65,
    "Unnamed: 12":8.17
  },
  {
    "Tüketici fiyat endeks rakamları (2003=100)":2015,
    "Unnamed: 1":1.1,
    "Unnamed: 2":1.82,
    "Unnamed: 3":3.03,
    "Unnamed: 4":4.71,
    "Unnamed: 5":5.3,
    "Unnamed: 6":4.76,
    "Unnamed: 7":4.85,
    "Unnamed: 8":5.27,
    "Unnamed: 9":6.21,
    "Unnamed: 10":7.86,
    "Unnamed: 11":8.58,
    "Unnamed: 12":8.81
  },
  {
    "Tüketici fiyat endeks rakamları (2003=100)":2016,
    "Unnamed: 1":1.82,
    "Unnamed: 2":1.8,
    "Unnamed: 3":1.75,
    "Unnamed: 4":2.55,
    "Unnamed: 5":3.15,
    "Unnamed: 6":3.63,
    "Unnamed: 7":4.84,
    "Unnamed: 8":4.53,
    "Unnamed: 9":4.72,
    "Unnamed: 10":6.23,
    "Unnamed: 11":6.78,
    "Unnamed: 12":8.53
  },
  {
    "Tüketici fiyat endeks rakamları (2003=100)":2017,
    "Unnamed: 1":2.46,
    "Unnamed: 2":3.29,
    "Unnamed: 3":4.34,
    "Unnamed: 4":5.71,
    "Unnamed: 5":6.18,
    "Unnamed: 6":5.89,
    "Unnamed: 7":6.05,
    "Unnamed: 8":6.6,
    "Unnamed: 9":7.29,
    "Unnamed: 10":9.52,
    "Unnamed: 11":11.16,
    "Unnamed: 12":11.92
  },
  {
    "Tüketici fiyat endeks rakamları (2003=100)":2018,
    "Unnamed: 1":1.02,
    "Unnamed: 2":1.76,
    "Unnamed: 3":2.77,
    "Unnamed: 4":4.69,
    "Unnamed: 5":6.39,
    "Unnamed: 6":9.17,
    "Unnamed: 7":9.77,
    "Unnamed: 8":12.29,
    "Unnamed: 9":19.37,
    "Unnamed: 10":22.56,
    "Unnamed: 11":20.79,
    "Unnamed: 12":20.3
  },
  {
    "Tüketici fiyat endeks rakamları (2003=100)":2019,
    "Unnamed: 1":1.06,
    "Unnamed: 2":1.23,
    "Unnamed: 3":2.27,
    "Unnamed: 4":4,
    "Unnamed: 5":4.99,
    "Unnamed: 6":5.01,
    "Unnamed: 7":6.44,
    "Unnamed: 8":7.35,
    "Unnamed: 9":8.42,
    "Unnamed: 10":10.59,
    "Unnamed: 11":11.01,
    "Unnamed: 12":11.84
  },
  {
    "Tüketici fiyat endeks rakamları (2003=100)":2020,
    "Unnamed: 1":1.35,
    "Unnamed: 2":1.71,
    "Unnamed: 3":2.29,
    "Unnamed: 4":3.16,
    "Unnamed: 5":4.57,
    "Unnamed: 6":5.75,
    "Unnamed: 7":6.37,
    "Unnamed: 8":7.29,
    "Unnamed: 9":8.33,
    "Unnamed: 10":10.64,
    "Unnamed: 11":13.19,
    "Unnamed: 12":14.6
  },
  {
    "Tüketici fiyat endeks rakamları (2003=100)":2021,
    "Unnamed: 1":1.68,
    "Unnamed: 2":2.6,
    "Unnamed: 3":3.71,
    "Unnamed: 4":5.45,
    "Unnamed: 5":6.39,
    "Unnamed: 6":8.45,
    "Unnamed: 7":10.41,
    "Unnamed: 8":11.65,
    "Unnamed: 9":13.04,
    "Unnamed: 10":15.75,
    "Unnamed: 11":19.82,
    "Unnamed: 12":36.08
  },
  {
    "Tüketici fiyat endeks rakamları (2003=100)":2022,
    "Unnamed: 1":11.1,
    "Unnamed: 2":16.45,
    "Unnamed: 3":22.81,
    "Unnamed: 4":31.71,
    "Unnamed: 5":35.64,
    "Unnamed: 6":42.35,
    "Unnamed: 7":45.72,
    "Unnamed: 8":47.85,
    "Unnamed: 9":52.4,
    "Unnamed: 10":57.8,
    "Unnamed: 11":62.35,
    "Unnamed: 12":64.27
  },
  {
    "Tüketici fiyat endeks rakamları (2003=100)":2023,
    "Unnamed: 1":6.65,
    "Unnamed: 2":10,
    "Unnamed: 3":12.52,
    "Unnamed: 4":15.21,
    "Unnamed: 5":15.26,
    "Unnamed: 6":19.77,
    "Unnamed: 7":31.14,
    "Unnamed: 8":43.06,
    "Unnamed: 9":49.86,
    "Unnamed: 10":55,
    "Unnamed: 11":60.09,
    "Unnamed: 12":64.77
  },
  {
    "Tüketici fiyat endeks rakamları (2003=100)":2024,
    "Unnamed: 1":6.7,
    "Unnamed: 2":11.54,
    "Unnamed: 3":15.06,
    "Unnamed: 4":18.72,
    "Unnamed: 5":22.72,
    "Unnamed: 6":24.73,
    "Unnamed: 7":28.76,
    "Unnamed: 8":31.94,
    "Unnamed: 9":35.86,
    "Unnamed: 10":39.77,
    "Unnamed: 11":42.91,
    "Unnamed: 12":44.38
  },
  {
    "Tüketici fiyat endeks rakamları (2003=100)":2025,
    "Unnamed: 1":5.03,
    "Unnamed: 2":7.42,
    "Unnamed: 3":10.06,
    "Unnamed: 4":13.36,
    "Unnamed: 5":15.09,
    "Unnamed: 6":16.67,
    "Unnamed: 7":19.08,
    "Unnamed: 8":21.5,
    "Unnamed: 9":25.43,
    "Unnamed: 10":28.63,
    "Unnamed: 11":null,
    "Unnamed: 12":null
  },
  {
    "Tüketici fiyat endeks rakamları (2003=100)":null,
    "Unnamed: 1":null,
    "Unnamed: 2":null,
    "Unnamed: 3":null,
    "Unnamed: 4":null,
    "Unnamed: 5":null,
    "Unnamed: 6":null,
    "Unnamed: 7":null,
    "Unnamed: 8":null,
    "Unnamed: 9":null,
    "Unnamed: 10":null,
    "Unnamed: 11":null,
    "Unnamed: 12":null
  },
  {
    "Tüketici fiyat endeks rakamları (2003=100)":"Yıllık değişim (Bir önceki yılın aynı ayına göre değişim) (%)",
    "Unnamed: 1":null,
    "Unnamed: 2":null,
    "Unnamed: 3":null,
    "Unnamed: 4":null,
    "Unnamed: 5":null,
    "Unnamed: 6":null,
    "Unnamed: 7":null,
    "Unnamed: 8":null,
    "Unnamed: 9":null,
    "Unnamed: 10":null,
    "Unnamed: 11":null,
    "Unnamed: 12":null
  },
  {
    "Tüketici fiyat endeks rakamları (2003=100)":"Annual rate of change (%)",
    "Unnamed: 1":null,
    "Unnamed: 2":null,
    "Unnamed: 3":null,
    "Unnamed: 4":null,
    "Unnamed: 5":null,
    "Unnamed: 6":null,
    "Unnamed: 7":null,
    "Unnamed: 8":null,
    "Unnamed: 9":null,
    "Unnamed: 10":null,
    "Unnamed: 11":null,
    "Unnamed: 12":null
  },
  {
    "Tüketici fiyat endeks rakamları (2003=100)":null,
    "Unnamed: 1":"Ocak",
    "Unnamed: 2":"Şubat",
    "Unnamed: 3":"Mart",
    "Unnamed: 4":"Nisan",
    "Unnamed: 5":"Mayıs",
    "Unnamed: 6":"Haziran",
    "Unnamed: 7":"Temmuz",
    "Unnamed: 8":"Ağustos",
    "Unnamed: 9":"Eylül",
    "Unnamed: 10":"Ekim",
    "Unnamed: 11":"Kasım",
    "Unnamed: 12":"Aralık"
  },
  {
    "Tüketici fiyat endeks rakamları (2003=100)":null,
    "Unnamed: 1":"January",
    "Unnamed: 2":"February",
    "Unnamed: 3":"March",
    "Unnamed: 4":"April",
    "Unnamed: 5":"May",
    "Unnamed: 6":"June",
    "Unnamed: 7":"July",
    "Unnamed: 8":"August",
    "Unnamed: 9":"September",
    "Unnamed: 10":"October",
    "Unnamed: 11":"November",
    "Unnamed: 12":"December"
  },
  {
    "Tüketici fiyat endeks rakamları (2003=100)":2005,
    "Unnamed: 1":9.23,
    "Unnamed: 2":8.69,
    "Unnamed: 3":7.94,
    "Unnamed: 4":8.18,
    "Unnamed: 5":8.7,
    "Unnamed: 6":8.95,
    "Unnamed: 7":7.82,
    "Unnamed: 8":7.91,
    "Unnamed: 9":7.99,
    "Unnamed: 10":7.52,
    "Unnamed: 11":7.61,
    "Unnamed: 12":7.72
  },
  {
    "Tüketici fiyat endeks rakamları (2003=100)":2006,
    "Unnamed: 1":7.93,
    "Unnamed: 2":8.15,
    "Unnamed: 3":8.16,
    "Unnamed: 4":8.83,
    "Unnamed: 5":9.86,
    "Unnamed: 6":10.12,
    "Unnamed: 7":11.69,
    "Unnamed: 8":10.26,
    "Unnamed: 9":10.55,
    "Unnamed: 10":9.98,
    "Unnamed: 11":9.86,
    "Unnamed: 12":9.65
  },
  {
    "Tüketici fiyat endeks rakamları (2003=100)":2007,
    "Unnamed: 1":9.93,
    "Unnamed: 2":10.16,
    "Unnamed: 3":10.86,
    "Unnamed: 4":10.72,
    "Unnamed: 5":9.23,
    "Unnamed: 6":8.6,
    "Unnamed: 7":6.9,
    "Unnamed: 8":7.39,
    "Unnamed: 9":7.12,
    "Unnamed: 10":7.7,
    "Unnamed: 11":8.4,
    "Unnamed: 12":8.39
  },
  {
    "Tüketici fiyat endeks rakamları (2003=100)":2008,
    "Unnamed: 1":8.17,
    "Unnamed: 2":9.1,
    "Unnamed: 3":9.15,
    "Unnamed: 4":9.66,
    "Unnamed: 5":10.74,
    "Unnamed: 6":10.61,
    "Unnamed: 7":12.06,
    "Unnamed: 8":11.77,
    "Unnamed: 9":11.13,
    "Unnamed: 10":11.99,
    "Unnamed: 11":10.76,
    "Unnamed: 12":10.06
  },
  {
    "Tüketici fiyat endeks rakamları (2003=100)":2009,
    "Unnamed: 1":9.5,
    "Unnamed: 2":7.73,
    "Unnamed: 3":7.89,
    "Unnamed: 4":6.13,
    "Unnamed: 5":5.24,
    "Unnamed: 6":5.73,
    "Unnamed: 7":5.39,
    "Unnamed: 8":5.33,
    "Unnamed: 9":5.27,
    "Unnamed: 10":5.08,
    "Unnamed: 11":5.53,
    "Unnamed: 12":6.53
  },
  {
    "Tüketici fiyat endeks rakamları (2003=100)":2010,
    "Unnamed: 1":8.19,
    "Unnamed: 2":10.13,
    "Unnamed: 3":9.56,
    "Unnamed: 4":10.19,
    "Unnamed: 5":9.1,
    "Unnamed: 6":8.37,
    "Unnamed: 7":7.58,
    "Unnamed: 8":8.33,
    "Unnamed: 9":9.24,
    "Unnamed: 10":8.62,
    "Unnamed: 11":7.29,
    "Unnamed: 12":6.4
  },
  {
    "Tüketici fiyat endeks rakamları (2003=100)":2011,
    "Unnamed: 1":4.9,
    "Unnamed: 2":4.16,
    "Unnamed: 3":3.99,
    "Unnamed: 4":4.26,
    "Unnamed: 5":7.17,
    "Unnamed: 6":6.24,
    "Unnamed: 7":6.31,
    "Unnamed: 8":6.65,
    "Unnamed: 9":6.15,
    "Unnamed: 10":7.66,
    "Unnamed: 11":9.48,
    "Unnamed: 12":10.45
  },
  {
    "Tüketici fiyat endeks rakamları (2003=100)":2012,
    "Unnamed: 1":10.61,
    "Unnamed: 2":10.43,
    "Unnamed: 3":10.43,
    "Unnamed: 4":11.14,
    "Unnamed: 5":8.28,
    "Unnamed: 6":8.87,
    "Unnamed: 7":9.07,
    "Unnamed: 8":8.88,
    "Unnamed: 9":9.19,
    "Unnamed: 10":7.8,
    "Unnamed: 11":6.37,
    "Unnamed: 12":6.16
  },
  {
    "Tüketici fiyat endeks rakamları (2003=100)":2013,
    "Unnamed: 1":7.31,
    "Unnamed: 2":7.03,
    "Unnamed: 3":7.29,
    "Unnamed: 4":6.13,
    "Unnamed: 5":6.51,
    "Unnamed: 6":8.3,
    "Unnamed: 7":8.88,
    "Unnamed: 8":8.17,
    "Unnamed: 9":7.88,
    "Unnamed: 10":7.71,
    "Unnamed: 11":7.32,
    "Unnamed: 12":7.4
  },
  {
    "Tüketici fiyat endeks rakamları (2003=100)":2014,
    "Unnamed: 1":7.75,
    "Unnamed: 2":7.89,
    "Unnamed: 3":8.39,
    "Unnamed: 4":9.38,
    "Unnamed: 5":9.66,
    "Unnamed: 6":9.16,
    "Unnamed: 7":9.32,
    "Unnamed: 8":9.54,
    "Unnamed: 9":8.86,
    "Unnamed: 10":8.96,
    "Unnamed: 11":9.15,
    "Unnamed: 12":8.17
  },
  {
    "Tüketici fiyat endeks rakamları (2003=100)":2015,
    "Unnamed: 1":7.24,
    "Unnamed: 2":7.55,
    "Unnamed: 3":7.61,
    "Unnamed: 4":7.91,
    "Unnamed: 5":8.09,
    "Unnamed: 6":7.2,
    "Unnamed: 7":6.81,
    "Unnamed: 8":7.14,
    "Unnamed: 9":7.95,
    "Unnamed: 10":7.58,
    "Unnamed: 11":8.1,
    "Unnamed: 12":8.81
  },
  {
    "Tüketici fiyat endeks rakamları (2003=100)":2016,
    "Unnamed: 1":9.58,
    "Unnamed: 2":8.78,
    "Unnamed: 3":7.46,
    "Unnamed: 4":6.57,
    "Unnamed: 5":6.58,
    "Unnamed: 6":7.64,
    "Unnamed: 7":8.79,
    "Unnamed: 8":8.05,
    "Unnamed: 9":7.28,
    "Unnamed: 10":7.16,
    "Unnamed: 11":7,
    "Unnamed: 12":8.53
  },
  {
    "Tüketici fiyat endeks rakamları (2003=100)":2017,
    "Unnamed: 1":9.22,
    "Unnamed: 2":10.13,
    "Unnamed: 3":11.29,
    "Unnamed: 4":11.87,
    "Unnamed: 5":11.72,
    "Unnamed: 6":10.9,
    "Unnamed: 7":9.79,
    "Unnamed: 8":10.68,
    "Unnamed: 9":11.2,
    "Unnamed: 10":11.9,
    "Unnamed: 11":12.98,
    "Unnamed: 12":11.92
  },
  {
    "Tüketici fiyat endeks rakamları (2003=100)":2018,
    "Unnamed: 1":10.35,
    "Unnamed: 2":10.26,
    "Unnamed: 3":10.23,
    "Unnamed: 4":10.85,
    "Unnamed: 5":12.15,
    "Unnamed: 6":15.39,
    "Unnamed: 7":15.85,
    "Unnamed: 8":17.9,
    "Unnamed: 9":24.52,
    "Unnamed: 10":25.24,
    "Unnamed: 11":21.62,
    "Unnamed: 12":20.3
  },
  {
    "Tüketici fiyat endeks rakamları (2003=100)":2019,
    "Unnamed: 1":20.35,
    "Unnamed: 2":19.67,
    "Unnamed: 3":19.71,
    "Unnamed: 4":19.5,
    "Unnamed: 5":18.71,
    "Unnamed: 6":15.72,
    "Unnamed: 7":16.65,
    "Unnamed: 8":15.01,
    "Unnamed: 9":9.26,
    "Unnamed: 10":8.55,
    "Unnamed: 11":10.56,
    "Unnamed: 12":11.84
  },
  {
    "Tüketici fiyat endeks rakamları (2003=100)":2020,
    "Unnamed: 1":12.15,
    "Unnamed: 2":12.37,
    "Unnamed: 3":11.86,
    "Unnamed: 4":10.94,
    "Unnamed: 5":11.39,
    "Unnamed: 6":12.62,
    "Unnamed: 7":11.76,
    "Unnamed: 8":11.77,
    "Unnamed: 9":11.75,
    "Unnamed: 10":11.89,
    "Unnamed: 11":14.03,
    "Unnamed: 12":14.6
  },
  {
    "Tüketici fiyat endeks rakamları (2003=100)":2021,
    "Unnamed: 1":14.97,
    "Unnamed: 2":15.61,
    "Unnamed: 3":16.19,
    "Unnamed: 4":17.14,
    "Unnamed: 5":16.59,
    "Unnamed: 6":17.53,
    "Unnamed: 7":18.95,
    "Unnamed: 8":19.25,
    "Unnamed: 9":19.58,
    "Unnamed: 10":19.89,
    "Unnamed: 11":21.31,
    "Unnamed: 12":36.08
  },
  {
    "Tüketici fiyat endeks rakamları (2003=100)":2022,
    "Unnamed: 1":48.69,
    "Unnamed: 2":54.44,
    "Unnamed: 3":61.14,
    "Unnamed: 4":69.97,
    "Unnamed: 5":73.5,
    "Unnamed: 6":78.62,
    "Unnamed: 7":79.6,
    "Unnamed: 8":80.21,
    "Unnamed: 9":83.45,
    "Unnamed: 10":85.51,
    "Unnamed: 11":84.39,
    "Unnamed: 12":64.27
  },
  {
    "Tüketici fiyat endeks rakamları (2003=100)":2023,
    "Unnamed: 1":57.68,
    "Unnamed: 2":55.18,
    "Unnamed: 3":50.51,
    "Unnamed: 4":43.68,
    "Unnamed: 5":39.59,
    "Unnamed: 6":38.21,
    "Unnamed: 7":47.83,
    "Unnamed: 8":58.94,
    "Unnamed: 9":61.53,
    "Unnamed: 10":61.36,
    "Unnamed: 11":61.98,
    "Unnamed: 12":64.77
  },
  {
    "Tüketici fiyat endeks rakamları (2003=100)":2024,
    "Unnamed: 1":64.86,
    "Unnamed: 2":67.07,
    "Unnamed: 3":68.5,
    "Unnamed: 4":69.8,
    "Unnamed: 5":75.45,
    "Unnamed: 6":71.6,
    "Unnamed: 7":61.78,
    "Unnamed: 8":51.97,
    "Unnamed: 9":49.38,
    "Unnamed: 10":48.58,
    "Unnamed: 11":47.09,
    "Unnamed: 12":44.38
  },
  {
    "Tüketici fiyat endeks rakamları (2003=100)":2025,
    "Unnamed: 1":42.12,
    "Unnamed: 2":39.05,
    "Unnamed: 3":38.1,
    "Unnamed: 4":37.86,
    "Unnamed: 5":35.41,
    "Unnamed: 6":35.05,
    "Unnamed: 7":33.52,
    "Unnamed: 8":32.95,
    "Unnamed: 9":33.29,
    "Unnamed: 10":32.87,
    "Unnamed: 11":null,
    "Unnamed: 12":null
  },
  {
    "Tüketici fiyat endeks rakamları (2003=100)":null,
    "Unnamed: 1":null,
    "Unnamed: 2":null,
    "Unnamed: 3":null,
    "Unnamed: 4":null,
    "Unnamed: 5":null,
    "Unnamed: 6":null,
    "Unnamed: 7":null,
    "Unnamed: 8":null,
    "Unnamed: 9":null,
    "Unnamed: 10":null,
    "Unnamed: 11":null,
    "Unnamed: 12":null
  },
  {
    "Tüketici fiyat endeks rakamları (2003=100)":"Oniki aylık ortalamalara göre değişim (%)",
    "Unnamed: 1":null,
    "Unnamed: 2":null,
    "Unnamed: 3":null,
    "Unnamed: 4":null,
    "Unnamed: 5":null,
    "Unnamed: 6":null,
    "Unnamed: 7":null,
    "Unnamed: 8":null,
    "Unnamed: 9":null,
    "Unnamed: 10":null,
    "Unnamed: 11":null,
    "Unnamed: 12":null
  },
  {
    "Tüketici fiyat endeks rakamları (2003=100)":"Rate of change in twelve months moving averages (%)",
    "Unnamed: 1":null,
    "Unnamed: 2":null,
    "Unnamed: 3":null,
    "Unnamed: 4":null,
    "Unnamed: 5":null,
    "Unnamed: 6":null,
    "Unnamed: 7":null,
    "Unnamed: 8":null,
    "Unnamed: 9":null,
    "Unnamed: 10":null,
    "Unnamed: 11":null,
    "Unnamed: 12":null
  },
  {
    "Tüketici fiyat endeks rakamları (2003=100)":null,
    "Unnamed: 1":"Ocak",
    "Unnamed: 2":"Şubat",
    "Unnamed: 3":"Mart",
    "Unnamed: 4":"Nisan",
    "Unnamed: 5":"Mayıs",
    "Unnamed: 6":"Haziran",
    "Unnamed: 7":"Temmuz",
    "Unnamed: 8":"Ağustos",
    "Unnamed: 9":"Eylül",
    "Unnamed: 10":"Ekim",
    "Unnamed: 11":"Kasım",
    "Unnamed: 12":"Aralık"
  },
  {
    "Tüketici fiyat endeks rakamları (2003=100)":null,
    "Unnamed: 1":"January",
    "Unnamed: 2":"February",
    "Unnamed: 3":"March",
    "Unnamed: 4":"April",
    "Unnamed: 5":"May",
    "Unnamed: 6":"June",
    "Unnamed: 7":"July",
    "Unnamed: 8":"August",
    "Unnamed: 9":"September",
    "Unnamed: 10":"October",
    "Unnamed: 11":"November",
    "Unnamed: 12":"December"
  },
  {
    "Tüketici fiyat endeks rakamları (2003=100)":2005,
    "Unnamed: 1":8.5,
    "Unnamed: 2":8.44,
    "Unnamed: 3":8.4,
    "Unnamed: 4":8.42,
    "Unnamed: 5":8.53,
    "Unnamed: 6":8.69,
    "Unnamed: 7":8.68,
    "Unnamed: 8":8.64,
    "Unnamed: 9":8.63,
    "Unnamed: 10":8.47,
    "Unnamed: 11":8.31,
    "Unnamed: 12":8.18
  },
  {
    "Tüketici fiyat endeks rakamları (2003=100)":2006,
    "Unnamed: 1":8.07,
    "Unnamed: 2":8.03,
    "Unnamed: 3":8.05,
    "Unnamed: 4":8.11,
    "Unnamed: 5":8.21,
    "Unnamed: 6":8.32,
    "Unnamed: 7":8.64,
    "Unnamed: 8":8.84,
    "Unnamed: 9":9.05,
    "Unnamed: 10":9.25,
    "Unnamed: 11":9.44,
    "Unnamed: 12":9.6
  },
  {
    "Tüketici fiyat endeks rakamları (2003=100)":2007,
    "Unnamed: 1":9.76,
    "Unnamed: 2":9.92,
    "Unnamed: 3":10.15,
    "Unnamed: 4":10.3,
    "Unnamed: 5":10.24,
    "Unnamed: 6":10.11,
    "Unnamed: 7":9.7,
    "Unnamed: 8":9.46,
    "Unnamed: 9":9.17,
    "Unnamed: 10":8.98,
    "Unnamed: 11":8.86,
    "Unnamed: 12":8.76
  },
  {
    "Tüketici fiyat endeks rakamları (2003=100)":2008,
    "Unnamed: 1":8.61,
    "Unnamed: 2":8.53,
    "Unnamed: 3":8.4,
    "Unnamed: 4":8.33,
    "Unnamed: 5":8.47,
    "Unnamed: 6":8.64,
    "Unnamed: 7":9.07,
    "Unnamed: 8":9.43,
    "Unnamed: 9":9.76,
    "Unnamed: 10":10.12,
    "Unnamed: 11":10.31,
    "Unnamed: 12":10.44
  },
  {
    "Tüketici fiyat endeks rakamları (2003=100)":2009,
    "Unnamed: 1":10.54,
    "Unnamed: 2":10.41,
    "Unnamed: 3":10.29,
    "Unnamed: 4":9.98,
    "Unnamed: 5":9.49,
    "Unnamed: 6":9.08,
    "Unnamed: 7":8.52,
    "Unnamed: 8":7.99,
    "Unnamed: 9":7.52,
    "Unnamed: 10":6.95,
    "Unnamed: 11":6.53,
    "Unnamed: 12":6.25
  },
  {
    "Tüketici fiyat endeks rakamları (2003=100)":2010,
    "Unnamed: 1":6.16,
    "Unnamed: 2":6.38,
    "Unnamed: 3":6.53,
    "Unnamed: 4":6.87,
    "Unnamed: 5":7.2,
    "Unnamed: 6":7.41,
    "Unnamed: 7":7.59,
    "Unnamed: 8":7.83,
    "Unnamed: 9":8.16,
    "Unnamed: 10":8.45,
    "Unnamed: 11":8.59,
    "Unnamed: 12":8.57
  },
  {
    "Tüketici fiyat endeks rakamları (2003=100)":2011,
    "Unnamed: 1":8.28,
    "Unnamed: 2":7.76,
    "Unnamed: 3":7.29,
    "Unnamed: 4":6.79,
    "Unnamed: 5":6.64,
    "Unnamed: 6":6.47,
    "Unnamed: 7":6.37,
    "Unnamed: 8":6.24,
    "Unnamed: 9":6,
    "Unnamed: 10":5.93,
    "Unnamed: 11":6.13,
    "Unnamed: 12":6.47
  },
  {
    "Tüketici fiyat endeks rakamları (2003=100)":2012,
    "Unnamed: 1":6.95,
    "Unnamed: 2":7.48,
    "Unnamed: 3":8.02,
    "Unnamed: 4":8.59,
    "Unnamed: 5":8.68,
    "Unnamed: 6":8.89,
    "Unnamed: 7":9.11,
    "Unnamed: 8":9.29,
    "Unnamed: 9":9.53,
    "Unnamed: 10":9.53,
    "Unnamed: 11":9.26,
    "Unnamed: 12":8.89
  },
  {
    "Tüketici fiyat endeks rakamları (2003=100)":2013,
    "Unnamed: 1":8.62,
    "Unnamed: 2":8.33,
    "Unnamed: 3":8.08,
    "Unnamed: 4":7.66,
    "Unnamed: 5":7.51,
    "Unnamed: 6":7.47,
    "Unnamed: 7":7.47,
    "Unnamed: 8":7.42,
    "Unnamed: 9":7.32,
    "Unnamed: 10":7.32,
    "Unnamed: 11":7.39,
    "Unnamed: 12":7.49
  },
  {
    "Tüketici fiyat endeks rakamları (2003=100)":2014,
    "Unnamed: 1":7.53,
    "Unnamed: 2":7.6,
    "Unnamed: 3":7.7,
    "Unnamed: 4":7.97,
    "Unnamed: 5":8.23,
    "Unnamed: 6":8.31,
    "Unnamed: 7":8.35,
    "Unnamed: 8":8.46,
    "Unnamed: 9":8.54,
    "Unnamed: 10":8.65,
    "Unnamed: 11":8.8,
    "Unnamed: 12":8.85
  },
  {
    "Tüketici fiyat endeks rakamları (2003=100)":2015,
    "Unnamed: 1":8.8,
    "Unnamed: 2":8.77,
    "Unnamed: 3":8.7,
    "Unnamed: 4":8.57,
    "Unnamed: 5":8.45,
    "Unnamed: 6":8.28,
    "Unnamed: 7":8.07,
    "Unnamed: 8":7.88,
    "Unnamed: 9":7.8,
    "Unnamed: 10":7.69,
    "Unnamed: 11":7.61,
    "Unnamed: 12":7.67
  },
  {
    "Tüketici fiyat endeks rakamları (2003=100)":2016,
    "Unnamed: 1":7.87,
    "Unnamed: 2":7.97,
    "Unnamed: 3":7.96,
    "Unnamed: 4":7.84,
    "Unnamed: 5":7.71,
    "Unnamed: 6":7.74,
    "Unnamed: 7":7.91,
    "Unnamed: 8":7.98,
    "Unnamed: 9":7.92,
    "Unnamed: 10":7.89,
    "Unnamed: 11":7.79,
    "Unnamed: 12":7.78
  },
  {
    "Tüketici fiyat endeks rakamları (2003=100)":2017,
    "Unnamed: 1":7.76,
    "Unnamed: 2":7.88,
    "Unnamed: 3":8.21,
    "Unnamed: 4":8.66,
    "Unnamed: 5":9.09,
    "Unnamed: 6":9.36,
    "Unnamed: 7":9.44,
    "Unnamed: 8":9.66,
    "Unnamed: 9":9.98,
    "Unnamed: 10":10.37,
    "Unnamed: 11":10.87,
    "Unnamed: 12":11.14
  },
  {
    "Tüketici fiyat endeks rakamları (2003=100)":2018,
    "Unnamed: 1":11.23,
    "Unnamed: 2":11.23,
    "Unnamed: 3":11.14,
    "Unnamed: 4":11.06,
    "Unnamed: 5":11.1,
    "Unnamed: 6":11.49,
    "Unnamed: 7":12,
    "Unnamed: 8":12.61,
    "Unnamed: 9":13.75,
    "Unnamed: 10":14.9,
    "Unnamed: 11":15.63,
    "Unnamed: 12":16.33
  },
  {
    "Tüketici fiyat endeks rakamları (2003=100)":2019,
    "Unnamed: 1":17.16,
    "Unnamed: 2":17.93,
    "Unnamed: 3":18.7,
    "Unnamed: 4":19.39,
    "Unnamed: 5":19.91,
    "Unnamed: 6":19.88,
    "Unnamed: 7":19.91,
    "Unnamed: 8":19.62,
    "Unnamed: 9":18.27,
    "Unnamed: 10":16.81,
    "Unnamed: 11":15.87,
    "Unnamed: 12":15.18
  },
  {
    "Tüketici fiyat endeks rakamları (2003=100)":2020,
    "Unnamed: 1":14.52,
    "Unnamed: 2":13.94,
    "Unnamed: 3":13.33,
    "Unnamed: 4":12.66,
    "Unnamed: 5":12.1,
    "Unnamed: 6":11.88,
    "Unnamed: 7":11.51,
    "Unnamed: 8":11.27,
    "Unnamed: 9":11.47,
    "Unnamed: 10":11.74,
    "Unnamed: 11":12.04,
    "Unnamed: 12":12.28
  },
  {
    "Tüketici fiyat endeks rakamları (2003=100)":2021,
    "Unnamed: 1":12.53,
    "Unnamed: 2":12.81,
    "Unnamed: 3":13.18,
    "Unnamed: 4":13.7,
    "Unnamed: 5":14.13,
    "Unnamed: 6":14.55,
    "Unnamed: 7":15.15,
    "Unnamed: 8":15.78,
    "Unnamed: 9":16.42,
    "Unnamed: 10":17.09,
    "Unnamed: 11":17.71,
    "Unnamed: 12":19.6
  },
  {
    "Tüketici fiyat endeks rakamları (2003=100)":2022,
    "Unnamed: 1":22.58,
    "Unnamed: 2":25.98,
    "Unnamed: 3":29.88,
    "Unnamed: 4":34.46,
    "Unnamed: 5":39.33,
    "Unnamed: 6":44.54,
    "Unnamed: 7":49.65,
    "Unnamed: 8":54.69,
    "Unnamed: 9":59.91,
    "Unnamed: 10":65.26,
    "Unnamed: 11":70.36,
    "Unnamed: 12":72.31
  },
  {
    "Tüketici fiyat endeks rakamları (2003=100)":2023,
    "Unnamed: 1":72.45,
    "Unnamed: 2":71.83,
    "Unnamed: 3":70.2,
    "Unnamed: 4":67.2,
    "Unnamed: 5":63.72,
    "Unnamed: 6":59.95,
    "Unnamed: 7":57.45,
    "Unnamed: 8":56.28,
    "Unnamed: 9":55.3,
    "Unnamed: 10":54.26,
    "Unnamed: 11":53.4,
    "Unnamed: 12":53.86
  },
  {
    "Tüketici fiyat endeks rakamları (2003=100)":2024,
    "Unnamed: 1":54.72,
    "Unnamed: 2":55.91,
    "Unnamed: 3":57.5,
    "Unnamed: 4":59.64,
    "Unnamed: 5":62.51,
    "Unnamed: 6":65.07,
    "Unnamed: 7":65.93,
    "Unnamed: 8":64.91,
    "Unnamed: 9":63.47,
    "Unnamed: 10":62.02,
    "Unnamed: 11":60.45,
    "Unnamed: 12":58.51
  },
  {
    "Tüketici fiyat endeks rakamları (2003=100)":2025,
    "Unnamed: 1":56.35,
    "Unnamed: 2":53.83,
    "Unnamed: 3":51.26,
    "Unnamed: 4":48.73,
    "Unnamed: 5":45.8,
    "Unnamed: 6":43.23,
    "Unnamed: 7":41.13,
    "Unnamed: 8":39.62,
    "Unnamed: 9":38.36,
    "Unnamed: 10":37.15,
    "Unnamed: 11":null,
    "Unnamed: 12":null
  }
]