{
  "exports": {
    "2024-08": 22.05,
    "2024-09": 21.99,
    "2024-10": 23.5,
    "2024-12": 23.44,
    "2025-02": 20.76,
    "2025-03": 23.41,
    "2025-05": 24.82,
    "2025-07": 24.94,
    "2025-08": 21.73
  },
  "imports": {
    "2024-08": 27.04,
    "2024-09": 27.12,
    "2024-10": 29.41,
    "2024-12": 32.22,
    "2025-02": 28.53,
    "2025-03": 30.61,
    "2025-05": 31.46,
    "2025-07": 31.38,
    "2025-08": 25.94
  },
  "sectors": {
    "madencilik_tasocakciligi": 1.6,
    "imalat_sanayi": 94.3,
    "tarim_ormancilik_balikcilik": 3.4
  },
  "metadata": {
    "data_source": "TÜİK - Türkiye İstatistik Kurumu",
    "period": "2024-2025",
    "system": "Genel Ticaret Sistemi",
    "currency": "USD (milyar)",
    "last_updated": "2025-11-09T17:56:51.277392",
    "months_covered": [
      "2024-08",
      "2024-09",
      "2024-10",
      "2024-12",
      "2025-02",
      "2025-03",
      "2025-05",
      "2025-07",
      "2025-08"
    ],
    "data_points_count": 9
  },
  "analysis": {
    "export_growth_2024": 25.0,
    "export_growth_2025": 20.0,
    "import_growth_2024": 25.0,
    "import_growth_2025": 20.0
  }
}