{
  "metadata": {
    "collection_timestamp": "2025-11-10T23:02:22.392560",
    "data_period": "2020-01 to 2025-10",
    "source": "ECB SDMX 2.1 RESTful API",
    "api_version": "SDMX 2.1",
    "last_updated": "2025-11-10",
    "data_quality": "Verified against ECB source",
    "notes": "EUR/USD data successfully collected and processed"
  },
  "datasets": {
    "exchange_rates": {
      "description": "EUR Foreign Exchange Rates",
      "eur_usd": {
        "series_code": "EXR.M.USD.EUR.SP00.A",
        "unit": "USD per EUR",
        "frequency": "Monthly",
        "data": [
          {
            "date": "2020-01",
            "year": "2020",
            "month": "01",
            "eur_usd_rate": 1.1100363636364
          },
          {
            "date": "2020-02",
            "year": "2020",
            "month": "02",
            "eur_usd_rate": 1.0905
          },
          {
            "date": "2020-03",
            "year": "2020",
            "month": "03",
            "eur_usd_rate": 1.1063409090909
          },
          {
            "date": "2020-04",
            "year": "2020",
            "month": "04",
            "eur_usd_rate": 1.08619
          },
          {
            "date": "2020-05",
            "year": "2020",
            "month": "05",
            "eur_usd_rate": 1.090185
          },
          {
            "date": "2020-06",
            "year": "2020",
            "month": "06",
            "eur_usd_rate": 1.1254590909091
          },
          {
            "date": "2020-07",
            "year": "2020",
            "month": "07",
            "eur_usd_rate": 1.1463391304348
          },
          {
            "date": "2020-08",
            "year": "2020",
            "month": "08",
            "eur_usd_rate": 1.1828095238095
          },
          {
            "date": "2020-09",
            "year": "2020",
            "month": "09",
            "eur_usd_rate": 1.1792409090909
          },
          {
            "date": "2020-10",
            "year": "2020",
            "month": "10",
            "eur_usd_rate": 1.1775181818182
          },
          {
            "date": "2020-11",
            "year": "2020",
            "month": "11",
            "eur_usd_rate": 1.1837904761905
          },
          {
            "date": "2020-12",
            "year": "2020",
            "month": "12",
            "eur_usd_rate": 1.2169727272727
          },
          {
            "date": "2021-01",
            "year": "2021",
            "month": "01",
            "eur_usd_rate": 1.217085
          },
          {
            "date": "2021-02",
            "year": "2021",
            "month": "02",
            "eur_usd_rate": 1.20979
          },
          {
            "date": "2021-03",
            "year": "2021",
            "month": "03",
            "eur_usd_rate": 1.1899086956522
          },
          {
            "date": "2021-04",
            "year": "2021",
            "month": "04",
            "eur_usd_rate": 1.19791
          },
          {
            "date": "2021-05",
            "year": "2021",
            "month": "05",
            "eur_usd_rate": 1.2145904761905
          },
          {
            "date": "2021-06",
            "year": "2021",
            "month": "06",
            "eur_usd_rate": 1.2047090909091
          },
          {
            "date": "2021-07",
            "year": "2021",
            "month": "07",
            "eur_usd_rate": 1.1821818181818
          },
          {
            "date": "2021-08",
            "year": "2021",
            "month": "08",
            "eur_usd_rate": 1.1771818181818
          },
          {
            "date": "2021-09",
            "year": "2021",
            "month": "09",
            "eur_usd_rate": 1.1770318181818
          },
          {
            "date": "2021-10",
            "year": "2021",
            "month": "10",
            "eur_usd_rate": 1.1601476190476
          },
          {
            "date": "2021-11",
            "year": "2021",
            "month": "11",
            "eur_usd_rate": 1.1414045454545
          },
          {
            "date": "2021-12",
            "year": "2021",
            "month": "12",
            "eur_usd_rate": 1.1303782608696
          },
          {
            "date": "2022-01",
            "year": "2022",
            "month": "01",
            "eur_usd_rate": 1.1314476190476
          },
          {
            "date": "2022-02",
            "year": "2022",
            "month": "02",
            "eur_usd_rate": 1.13419
          },
          {
            "date": "2022-03",
            "year": "2022",
            "month": "03",
            "eur_usd_rate": 1.1018956521739
          },
          {
            "date": "2022-04",
            "year": "2022",
            "month": "04",
            "eur_usd_rate": 1.0818736842105
          },
          {
            "date": "2022-05",
            "year": "2022",
            "month": "05",
            "eur_usd_rate": 1.05785
          },
          {
            "date": "2022-06",
            "year": "2022",
            "month": "06",
            "eur_usd_rate": 1.0565818181818
          },
          {
            "date": "2022-07",
            "year": "2022",
            "month": "07",
            "eur_usd_rate": 1.0178904761905
          },
          {
            "date": "2022-08",
            "year": "2022",
            "month": "08",
            "eur_usd_rate": 1.0128434782609
          },
          {
            "date": "2022-09",
            "year": "2022",
            "month": "09",
            "eur_usd_rate": 0.9903772727273
          },
          {
            "date": "2022-10",
            "year": "2022",
            "month": "10",
            "eur_usd_rate": 0.9825666666667
          },
          {
            "date": "2022-11",
            "year": "2022",
            "month": "11",
            "eur_usd_rate": 1.0201272727273
          },
          {
            "date": "2022-12",
            "year": "2022",
            "month": "12",
            "eur_usd_rate": 1.058880952381
          },
          {
            "date": "2023-01",
            "year": "2023",
            "month": "01",
            "eur_usd_rate": 1.0769
          },
          {
            "date": "2023-02",
            "year": "2023",
            "month": "02",
            "eur_usd_rate": 1.07151
          },
          {
            "date": "2023-03",
            "year": "2023",
            "month": "03",
            "eur_usd_rate": 1.0705826086957
          },
          {
            "date": "2023-04",
            "year": "2023",
            "month": "04",
            "eur_usd_rate": 1.0967722222222
          },
          {
            "date": "2023-05",
            "year": "2023",
            "month": "05",
            "eur_usd_rate": 1.08675
          },
          {
            "date": "2023-06",
            "year": "2023",
            "month": "06",
            "eur_usd_rate": 1.0839863636364
          },
          {
            "date": "2023-07",
            "year": "2023",
            "month": "07",
            "eur_usd_rate": 1.1058142857143
          },
          {
            "date": "2023-08",
            "year": "2023",
            "month": "08",
            "eur_usd_rate": 1.0908869565217
          },
          {
            "date": "2023-09",
            "year": "2023",
            "month": "09",
            "eur_usd_rate": 1.068380952381
          },
          {
            "date": "2023-10",
            "year": "2023",
            "month": "10",
            "eur_usd_rate": 1.0562545454545
          },
          {
            "date": "2023-11",
            "year": "2023",
            "month": "11",
            "eur_usd_rate": 1.0808227272727
          },
          {
            "date": "2023-12",
            "year": "2023",
            "month": "12",
            "eur_usd_rate": 1.0903052631579
          },
          {
            "date": "2024-01",
            "year": "2024",
            "month": "01",
            "eur_usd_rate": 1.0905136363636
          },
          {
            "date": "2024-02",
            "year": "2024",
            "month": "02",
            "eur_usd_rate": 1.0794714285714
          },
          {
            "date": "2024-03",
            "year": "2024",
            "month": "03",
            "eur_usd_rate": 1.08722
          },
          {
            "date": "2024-04",
            "year": "2024",
            "month": "04",
            "eur_usd_rate": 1.0727761904762
          },
          {
            "date": "2024-05",
            "year": "2024",
            "month": "05",
            "eur_usd_rate": 1.0812227272727
          },
          {
            "date": "2024-06",
            "year": "2024",
            "month": "06",
            "eur_usd_rate": 1.0759
          },
          {
            "date": "2024-07",
            "year": "2024",
            "month": "07",
            "eur_usd_rate": 1.0844086956522
          },
          {
            "date": "2024-08",
            "year": "2024",
            "month": "08",
            "eur_usd_rate": 1.1012181818182
          },
          {
            "date": "2024-09",
            "year": "2024",
            "month": "09",
            "eur_usd_rate": 1.1106
          },
          {
            "date": "2024-10",
            "year": "2024",
            "month": "10",
            "eur_usd_rate": 1.0904347826087
          },
          {
            "date": "2024-11",
            "year": "2024",
            "month": "11",
            "eur_usd_rate": 1.0630142857143
          },
          {
            "date": "2024-12",
            "year": "2024",
            "month": "12",
            "eur_usd_rate": 1.047875
          },
          {
            "date": "2025-01",
            "year": "2025",
            "month": "01",
            "eur_usd_rate": 1.0353727272727
          },
          {
            "date": "2025-02",
            "year": "2025",
            "month": "02",
            "eur_usd_rate": 1.04125
          },
          {
            "date": "2025-03",
            "year": "2025",
            "month": "03",
            "eur_usd_rate": 1.080680952381
          },
          {
            "date": "2025-04",
            "year": "2025",
            "month": "04",
            "eur_usd_rate": 1.121395
          },
          {
            "date": "2025-05",
            "year": "2025",
            "month": "05",
            "eur_usd_rate": 1.1278047619048
          },
          {
            "date": "2025-06",
            "year": "2025",
            "month": "06",
            "eur_usd_rate": 1.151619047619
          },
          {
            "date": "2025-07",
            "year": "2025",
            "month": "07",
            "eur_usd_rate": 1.1676869565217392
          },
          {
            "date": "2025-08",
            "year": "2025",
            "month": "08",
            "eur_usd_rate": 1.1631428571428575
          },
          {
            "date": "2025-09",
            "year": "2025",
            "month": "09",
            "eur_usd_rate": 1.1732227272727274
          },
          {
            "date": "2025-10",
            "year": "2025",
            "month": "10",
            "eur_usd_rate": 1.1630434782608696
          }
        ],
        "description": "EUR/USD Exchange Rate - Monthly Average",
        "source": "European Central Bank",
        "decimals": 4,
        "methodology": "Averaging of daily ECB reference exchange rates"
      }
    },
    "other_datasets": {
      "status": "API access currently restricted due to security measures",
      "attempted_datasets": {
        "interest_rates": {
          "deposit_facility": "FM.D.U2.EUR.4F.KR.DFR.LEV",
          "main_refinancing": "FM.D.U2.EUR.4F.KR.MRR_FR.LEV",
          "marginal_lending": "FM.D.U2.EUR.4F.KR.MLFR.LEV",
          "description": "ECB Key Interest Rates",
          "unit": "Percent per annum"
        },
        "inflation": {
          "hicp_general": "ICP.M.U2.N.000000.4.ANR",
          "description": "Eurozone HICP Inflation Rate",
          "unit": "Percentage change (year-on-year)"
        },
        "unemployment": {
          "euro_area_20": "LFSI.M.I9.S.UNEHRT.TOTAL0.15_74.T",
          "description": "Euro Area 20 Unemployment Rate",
          "unit": "Percentage"
        },
        "gdp_growth": {
          "real_gdp": "MNA.Q.Y.I9.W2.S1.S1.B.B1GQ._Z._Z._Z.EUR.LR.GY",
          "description": "Euro Area Real GDP Growth",
          "unit": "Percentage change (quarter-on-quarter)"
        }
      }
    }
  },
  "data_summary": {
    "eur_usd_observations": 70,
    "date_range": {
      "start": "2020-01",
      "end": "2025-10"
    },
    "data_completeness": "EUR/USD: 100% (2020-01 to 2025-10)",
    "api_status": {
      "exchange_rates": "Available",
      "other_datasets": "Restricted due to security blocks"
    }
  },
  "methodology": {
    "collection_method": "SDMX 2.1 RESTful API queries",
    "data_format": "JSON with SDMX structure",
    "processing_steps": [
      "Raw API response collection",
      "SDMX observation parsing",
      "Time period mapping",
      "Data validation and cleaning",
      "JSON structure normalization"
    ],
    "rate_limiting": "2-second delays between API calls",
    "error_handling": "Comprehensive error recovery and logging"
  },
  "data_analysis": {
    "eur_usd_statistics": {
      "count": 70,
      "mean": 1.1105,
      "median": 1.0938,
      "min": 0.9826,
      "max": 1.2171,
      "std_dev": 0.0571,
      "date_range": {
        "start": "2020-01",
        "end": "2025-10"
      }
    },
    "yearly_averages": {
      "2020": {
        "average": 1.1413,
        "min": 1.0862,
        "max": 1.217
      },
      "2021": {
        "average": 1.1835,
        "min": 1.1304,
        "max": 1.2171
      },
      "2022": {
        "average": 1.0539,
        "min": 0.9826,
        "max": 1.1342
      },
      "2023": {
        "average": 1.0816,
        "min": 1.0563,
        "max": 1.1058
      },
      "2024": {
        "average": 1.0821,
        "min": 1.0479,
        "max": 1.1106
      },
      "2025": {
        "average": 1.1225,
        "min": 1.0354,
        "max": 1.1732
      }
    },
    "key_milestones": {
      "highest_rate": {
        "value": 1.2171,
        "date": "2021-01"
      },
      "lowest_rate": {
        "value": 0.9826,
        "date": "2022-10"
      }
    }
  }
}