{
  "collection_info": {
    "collection_date": "2025-11-10 23:01:37",
    "data_period": "2020-01-01 to 2025-11-10",
    "frequency": "Monthly",
    "total_series": 12,
    "total_records": 852,
    "note": "This is demo data. Use FRED API key for real data."
  },
  "series": {
    "FEDFUNDS": {
      "description": "Federal Reserve Faiz Oranı (Federal Funds Rate)",
      "data": [
        {
          "date": "2020-01-01",
          "value": 1.83
        },
        {
          "date": "2020-02-01",
          "value": 1.02
        },
        {
          "date": "2020-03-01",
          "value": 0.9
        },
        {
          "date": "2020-04-01",
          "value": 0.77
        },
        {
          "date": "2020-05-01",
          "value": 2.31
        },
        {
          "date": "2020-06-01",
          "value": 0.74
        },
        {
          "date": "2020-07-01",
          "value": 1.12
        },
        {
          "date": "2020-08-01",
          "value": 0.68
        },
        {
          "date": "2020-09-01",
          "value": 1.3
        },
        {
          "date": "2020-10-01",
          "value": 2.49
        },
        {
          "date": "2020-11-01",
          "value": 1.59
        },
        {
          "date": "2020-12-01",
          "value": 2.17
        },
        {
          "date": "2021-01-01",
          "value": 2.75
        },
        {
          "date": "2021-02-01",
          "value": 0.37
        },
        {
          "date": "2021-03-01",
          "value": 2.16
        },
        {
          "date": "2021-04-01",
          "value": 3.17
        },
        {
          "date": "2021-05-01",
          "value": 4.3
        },
        {
          "date": "2021-06-01",
          "value": 4.03
        },
        {
          "date": "2021-07-01",
          "value": 1.32
        },
        {
          "date": "2021-08-01",
          "value": 3.84
        },
        {
          "date": "2021-09-01",
          "value": 2.1
        },
        {
          "date": "2021-10-01",
          "value": 4.46
        },
        {
          "date": "2021-11-01",
          "value": 0.84
        },
        {
          "date": "2021-12-01",
          "value": 3.32
        },
        {
          "date": "2022-01-01",
          "value": 3.78
        },
        {
          "date": "2022-02-01",
          "value": 2.22
        },
        {
          "date": "2022-03-01",
          "value": 1.24
        },
        {
          "date": "2022-04-01",
          "value": 2.91
        },
        {
          "date": "2022-05-01",
          "value": 2.41
        },
        {
          "date": "2022-06-01",
          "value": 1.09
        },
        {
          "date": "2022-07-01",
          "value": 4.31
        },
        {
          "date": "2022-08-01",
          "value": 2.38
        },
        {
          "date": "2022-09-01",
          "value": 1.19
        },
        {
          "date": "2022-10-01",
          "value": 0.82
        },
        {
          "date": "2022-11-01",
          "value": 2.61
        },
        {
          "date": "2022-12-01",
          "value": 2.11
        },
        {
          "date": "2023-01-01",
          "value": 5.16
        },
        {
          "date": "2023-02-01",
          "value": 5.84
        },
        {
          "date": "2023-03-01",
          "value": 5.92
        },
        {
          "date": "2023-04-01",
          "value": 5.37
        },
        {
          "date": "2023-05-01",
          "value": 4.47
        },
        {
          "date": "2023-06-01",
          "value": 3.4
        },
        {
          "date": "2023-07-01",
          "value": 3.16
        },
        {
          "date": "2023-08-01",
          "value": 4.18
        },
        {
          "date": "2023-09-01",
          "value": 5.72
        },
        {
          "date": "2023-10-01",
          "value": 4.65
        },
        {
          "date": "2023-11-01",
          "value": 3.96
        },
        {
          "date": "2023-12-01",
          "value": 5.05
        },
        {
          "date": "2024-01-01",
          "value": 5.72
        },
        {
          "date": "2024-02-01",
          "value": 4.71
        },
        {
          "date": "2024-03-01",
          "value": 4.57
        },
        {
          "date": "2024-04-01",
          "value": 3.52
        },
        {
          "date": "2024-05-01",
          "value": 4.12
        },
        {
          "date": "2024-06-01",
          "value": 5.77
        },
        {
          "date": "2024-07-01",
          "value": 5.4
        },
        {
          "date": "2024-08-01",
          "value": 5.24
        },
        {
          "date": "2024-09-01",
          "value": 5.78
        },
        {
          "date": "2024-10-01",
          "value": 5.19
        },
        {
          "date": "2024-11-01",
          "value": 4.49
        },
        {
          "date": "2024-12-01",
          "value": 4.35
        },
        {
          "date": "2025-01-01",
          "value": 4.16
        },
        {
          "date": "2025-02-01",
          "value": 5.73
        },
        {
          "date": "2025-03-01",
          "value": 4.58
        },
        {
          "date": "2025-04-01",
          "value": 3.7
        },
        {
          "date": "2025-05-01",
          "value": 3.06
        },
        {
          "date": "2025-06-01",
          "value": 4.55
        },
        {
          "date": "2025-07-01",
          "value": 5.1
        },
        {
          "date": "2025-08-01",
          "value": 3.3
        },
        {
          "date": "2025-09-01",
          "value": 4.68
        },
        {
          "date": "2025-10-01",
          "value": 4.33
        },
        {
          "date": "2025-11-01",
          "value": 3.4
        }
      ],
      "record_count": 71
    },
    "DGS10": {
      "description": "ABD 10 Yıl Hazine Faizi (10-Year Treasury)",
      "data": [
        {
          "date": "2020-01-01",
          "value": 2.3
        },
        {
          "date": "2020-02-01",
          "value": 2.28
        },
        {
          "date": "2020-03-01",
          "value": 1.13
        },
        {
          "date": "2020-04-01",
          "value": 2.98
        },
        {
          "date": "2020-05-01",
          "value": 1.6
        },
        {
          "date": "2020-06-01",
          "value": 2.31
        },
        {
          "date": "2020-07-01",
          "value": 2.82
        },
        {
          "date": "2020-08-01",
          "value": 2.21
        },
        {
          "date": "2020-09-01",
          "value": 1.7
        },
        {
          "date": "2020-10-01",
          "value": 1.14
        },
        {
          "date": "2020-11-01",
          "value": 2.23
        },
        {
          "date": "2020-12-01",
          "value": 2.47
        },
        {
          "date": "2021-01-01",
          "value": 1.91
        },
        {
          "date": "2021-02-01",
          "value": 3.89
        },
        {
          "date": "2021-03-01",
          "value": 1.52
        },
        {
          "date": "2021-04-01",
          "value": 4.12
        },
        {
          "date": "2021-05-01",
          "value": 2.76
        },
        {
          "date": "2021-06-01",
          "value": 3.78
        },
        {
          "date": "2021-07-01",
          "value": 1.65
        },
        {
          "date": "2021-08-01",
          "value": 1.91
        },
        {
          "date": "2021-09-01",
          "value": 1.72
        },
        {
          "date": "2021-10-01",
          "value": 3.14
        },
        {
          "date": "2021-11-01",
          "value": 3.94
        },
        {
          "date": "2021-12-01",
          "value": 4.12
        },
        {
          "date": "2022-01-01",
          "value": 4.06
        },
        {
          "date": "2022-02-01",
          "value": 4.48
        },
        {
          "date": "2022-03-01",
          "value": 4.28
        },
        {
          "date": "2022-04-01",
          "value": 2.67
        },
        {
          "date": "2022-05-01",
          "value": 2.64
        },
        {
          "date": "2022-06-01",
          "value": 4.07
        },
        {
          "date": "2022-07-01",
          "value": 1.72
        },
        {
          "date": "2022-08-01",
          "value": 3.88
        },
        {
          "date": "2022-09-01",
          "value": 3.54
        },
        {
          "date": "2022-10-01",
          "value": 3.06
        },
        {
          "date": "2022-11-01",
          "value": 4.37
        },
        {
          "date": "2022-12-01",
          "value": 3.87
        },
        {
          "date": "2023-01-01",
          "value": 5.06
        },
        {
          "date": "2023-02-01",
          "value": 4.49
        },
        {
          "date": "2023-03-01",
          "value": 5.1
        },
        {
          "date": "2023-04-01",
          "value": 3.1
        },
        {
          "date": "2023-05-01",
          "value": 4.33
        },
        {
          "date": "2023-06-01",
          "value": 3.39
        },
        {
          "date": "2023-07-01",
          "value": 2.63
        },
        {
          "date": "2023-08-01",
          "value": 3.21
        },
        {
          "date": "2023-09-01",
          "value": 4.25
        },
        {
          "date": "2023-10-01",
          "value": 5.46
        },
        {
          "date": "2023-11-01",
          "value": 5.3
        },
        {
          "date": "2023-12-01",
          "value": 3.44
        },
        {
          "date": "2024-01-01",
          "value": 5.44
        },
        {
          "date": "2024-02-01",
          "value": 2.96
        },
        {
          "date": "2024-03-01",
          "value": 3.74
        },
        {
          "date": "2024-04-01",
          "value": 2.86
        },
        {
          "date": "2024-05-01",
          "value": 2.52
        },
        {
          "date": "2024-06-01",
          "value": 2.79
        },
        {
          "date": "2024-07-01",
          "value": 4.63
        },
        {
          "date": "2024-08-01",
          "value": 2.69
        },
        {
          "date": "2024-09-01",
          "value": 5.3
        },
        {
          "date": "2024-10-01",
          "value": 3.04
        },
        {
          "date": "2024-11-01",
          "value": 2.82
        },
        {
          "date": "2024-12-01",
          "value": 2.78
        },
        {
          "date": "2025-01-01",
          "value": 3.56
        },
        {
          "date": "2025-02-01",
          "value": 4.23
        },
        {
          "date": "2025-03-01",
          "value": 3.58
        },
        {
          "date": "2025-04-01",
          "value": 5.47
        },
        {
          "date": "2025-05-01",
          "value": 5.06
        },
        {
          "date": "2025-06-01",
          "value": 3.78
        },
        {
          "date": "2025-07-01",
          "value": 3.06
        },
        {
          "date": "2025-08-01",
          "value": 3.6
        },
        {
          "date": "2025-09-01",
          "value": 4.57
        },
        {
          "date": "2025-10-01",
          "value": 3.94
        },
        {
          "date": "2025-11-01",
          "value": 2.6
        }
      ],
      "record_count": 71
    },
    "DGS2": {
      "description": "ABD 2 Yıl Hazine Faizi (2-Year Treasury)",
      "data": [
        {
          "date": "2020-01-01",
          "value": 1.4
        },
        {
          "date": "2020-02-01",
          "value": 1.48
        },
        {
          "date": "2020-03-01",
          "value": 1.05
        },
        {
          "date": "2020-04-01",
          "value": 1.32
        },
        {
          "date": "2020-05-01",
          "value": 1.75
        },
        {
          "date": "2020-06-01",
          "value": 0.94
        },
        {
          "date": "2020-07-01",
          "value": 1.87
        },
        {
          "date": "2020-08-01",
          "value": 0.98
        },
        {
          "date": "2020-09-01",
          "value": 1.42
        },
        {
          "date": "2020-10-01",
          "value": 1.43
        },
        {
          "date": "2020-11-01",
          "value": 1.11
        },
        {
          "date": "2020-12-01",
          "value": 0.52
        },
        {
          "date": "2021-01-01",
          "value": 0.77
        },
        {
          "date": "2021-02-01",
          "value": 3.34
        },
        {
          "date": "2021-03-01",
          "value": 1.77
        },
        {
          "date": "2021-04-01",
          "value": 3.31
        },
        {
          "date": "2021-05-01",
          "value": 3.95
        },
        {
          "date": "2021-06-01",
          "value": 3.19
        },
        {
          "date": "2021-07-01",
          "value": 2.41
        },
        {
          "date": "2021-08-01",
          "value": 1.16
        },
        {
          "date": "2021-09-01",
          "value": 1.74
        },
        {
          "date": "2021-10-01",
          "value": 2.71
        },
        {
          "date": "2021-11-01",
          "value": 3.8
        },
        {
          "date": "2021-12-01",
          "value": 2.9
        },
        {
          "date": "2022-01-01",
          "value": 0.89
        },
        {
          "date": "2022-02-01",
          "value": 3.27
        },
        {
          "date": "2022-03-01",
          "value": 3.24
        },
        {
          "date": "2022-04-01",
          "value": 2.7
        },
        {
          "date": "2022-05-01",
          "value": 1.35
        },
        {
          "date": "2022-06-01",
          "value": 0.98
        },
        {
          "date": "2022-07-01",
          "value": 2.88
        },
        {
          "date": "2022-08-01",
          "value": 2.48
        },
        {
          "date": "2022-09-01",
          "value": 0.88
        },
        {
          "date": "2022-10-01",
          "value": 2.51
        },
        {
          "date": "2022-11-01",
          "value": 2.41
        },
        {
          "date": "2022-12-01",
          "value": 3.91
        },
        {
          "date": "2023-01-01",
          "value": 3.97
        },
        {
          "date": "2023-02-01",
          "value": 3.19
        },
        {
          "date": "2023-03-01",
          "value": 3.57
        },
        {
          "date": "2023-04-01",
          "value": 3.31
        },
        {
          "date": "2023-05-01",
          "value": 3.5
        },
        {
          "date": "2023-06-01",
          "value": 2.12
        },
        {
          "date": "2023-07-01",
          "value": 2.19
        },
        {
          "date": "2023-08-01",
          "value": 2.02
        },
        {
          "date": "2023-09-01",
          "value": 3.77
        },
        {
          "date": "2023-10-01",
          "value": 4.33
        },
        {
          "date": "2023-11-01",
          "value": 2.65
        },
        {
          "date": "2023-12-01",
          "value": 4.26
        },
        {
          "date": "2024-01-01",
          "value": 3.39
        },
        {
          "date": "2024-02-01",
          "value": 4.49
        },
        {
          "date": "2024-03-01",
          "value": 4.28
        },
        {
          "date": "2024-04-01",
          "value": 2.24
        },
        {
          "date": "2024-05-01",
          "value": 4.02
        },
        {
          "date": "2024-06-01",
          "value": 2.61
        },
        {
          "date": "2024-07-01",
          "value": 3.66
        },
        {
          "date": "2024-08-01",
          "value": 2.49
        },
        {
          "date": "2024-09-01",
          "value": 2.21
        },
        {
          "date": "2024-10-01",
          "value": 4.63
        },
        {
          "date": "2024-11-01",
          "value": 3.33
        },
        {
          "date": "2024-12-01",
          "value": 2.66
        },
        {
          "date": "2025-01-01",
          "value": 3.87
        },
        {
          "date": "2025-02-01",
          "value": 3.88
        },
        {
          "date": "2025-03-01",
          "value": 3.72
        },
        {
          "date": "2025-04-01",
          "value": 4.44
        },
        {
          "date": "2025-05-01",
          "value": 2.48
        },
        {
          "date": "2025-06-01",
          "value": 4.96
        },
        {
          "date": "2025-07-01",
          "value": 4.73
        },
        {
          "date": "2025-08-01",
          "value": 4.05
        },
        {
          "date": "2025-09-01",
          "value": 4.06
        },
        {
          "date": "2025-10-01",
          "value": 2.7
        },
        {
          "date": "2025-11-01",
          "value": 4.41
        }
      ],
      "record_count": 71
    },
    "DGS1": {
      "description": "ABD 1 Yıl Hazine Faizi (1-Year Treasury)",
      "data": [
        {
          "date": "2020-01-01",
          "value": 0.41
        },
        {
          "date": "2020-02-01",
          "value": 1.05
        },
        {
          "date": "2020-03-01",
          "value": 0.35
        },
        {
          "date": "2020-04-01",
          "value": 0.6
        },
        {
          "date": "2020-05-01",
          "value": 0.37
        },
        {
          "date": "2020-06-01",
          "value": 1.22
        },
        {
          "date": "2020-07-01",
          "value": 1.6
        },
        {
          "date": "2020-08-01",
          "value": 1.2
        },
        {
          "date": "2020-09-01",
          "value": 1.72
        },
        {
          "date": "2020-10-01",
          "value": 1.22
        },
        {
          "date": "2020-11-01",
          "value": 1.69
        },
        {
          "date": "2020-12-01",
          "value": 0.47
        },
        {
          "date": "2021-01-01",
          "value": 1.34
        },
        {
          "date": "2021-02-01",
          "value": 3.42
        },
        {
          "date": "2021-03-01",
          "value": 1.81
        },
        {
          "date": "2021-04-01",
          "value": 2.38
        },
        {
          "date": "2021-05-01",
          "value": 1.97
        },
        {
          "date": "2021-06-01",
          "value": 1.93
        },
        {
          "date": "2021-07-01",
          "value": 0.85
        },
        {
          "date": "2021-08-01",
          "value": 1.32
        },
        {
          "date": "2021-09-01",
          "value": 3.38
        },
        {
          "date": "2021-10-01",
          "value": 1.12
        },
        {
          "date": "2021-11-01",
          "value": 1.99
        },
        {
          "date": "2021-12-01",
          "value": 3.2
        },
        {
          "date": "2022-01-01",
          "value": 0.73
        },
        {
          "date": "2022-02-01",
          "value": 3.37
        },
        {
          "date": "2022-03-01",
          "value": 2.07
        },
        {
          "date": "2022-04-01",
          "value": 1.81
        },
        {
          "date": "2022-05-01",
          "value": 0.91
        },
        {
          "date": "2022-06-01",
          "value": 1.99
        },
        {
          "date": "2022-07-01",
          "value": 2.01
        },
        {
          "date": "2022-08-01",
          "value": 2.06
        },
        {
          "date": "2022-09-01",
          "value": 2.13
        },
        {
          "date": "2022-10-01",
          "value": 0.89
        },
        {
          "date": "2022-11-01",
          "value": 3.0
        },
        {
          "date": "2022-12-01",
          "value": 0.13
        },
        {
          "date": "2023-01-01",
          "value": 2.89
        },
        {
          "date": "2023-02-01",
          "value": 4.09
        },
        {
          "date": "2023-03-01",
          "value": 2.37
        },
        {
          "date": "2023-04-01",
          "value": 3.91
        },
        {
          "date": "2023-05-01",
          "value": 3.19
        },
        {
          "date": "2023-06-01",
          "value": 1.59
        },
        {
          "date": "2023-07-01",
          "value": 2.31
        },
        {
          "date": "2023-08-01",
          "value": 4.71
        },
        {
          "date": "2023-09-01",
          "value": 3.6
        },
        {
          "date": "2023-10-01",
          "value": 3.41
        },
        {
          "date": "2023-11-01",
          "value": 2.07
        },
        {
          "date": "2023-12-01",
          "value": 4.2
        },
        {
          "date": "2024-01-01",
          "value": 2.46
        },
        {
          "date": "2024-02-01",
          "value": 3.49
        },
        {
          "date": "2024-03-01",
          "value": 4.25
        },
        {
          "date": "2024-04-01",
          "value": 1.66
        },
        {
          "date": "2024-05-01",
          "value": 1.62
        },
        {
          "date": "2024-06-01",
          "value": 2.71
        },
        {
          "date": "2024-07-01",
          "value": 1.57
        },
        {
          "date": "2024-08-01",
          "value": 2.87
        },
        {
          "date": "2024-09-01",
          "value": 2.03
        },
        {
          "date": "2024-10-01",
          "value": 2.12
        },
        {
          "date": "2024-11-01",
          "value": 2.76
        },
        {
          "date": "2024-12-01",
          "value": 2.21
        },
        {
          "date": "2025-01-01",
          "value": 3.32
        },
        {
          "date": "2025-02-01",
          "value": 4.03
        },
        {
          "date": "2025-03-01",
          "value": 4.36
        },
        {
          "date": "2025-04-01",
          "value": 3.74
        },
        {
          "date": "2025-05-01",
          "value": 4.47
        },
        {
          "date": "2025-06-01",
          "value": 1.75
        },
        {
          "date": "2025-07-01",
          "value": 2.11
        },
        {
          "date": "2025-08-01",
          "value": 3.27
        },
        {
          "date": "2025-09-01",
          "value": 2.41
        },
        {
          "date": "2025-10-01",
          "value": 3.99
        },
        {
          "date": "2025-11-01",
          "value": 2.41
        }
      ],
      "record_count": 71
    },
    "CPIAUCSL": {
      "description": "ABD TÜFE (Consumer Price Index)",
      "data": [
        {
          "date": "2020-01-01",
          "value": 303.01
        },
        {
          "date": "2020-02-01",
          "value": 315.53
        },
        {
          "date": "2020-03-01",
          "value": 269.82
        },
        {
          "date": "2020-04-01",
          "value": 303.14
        },
        {
          "date": "2020-05-01",
          "value": 267.37
        },
        {
          "date": "2020-06-01",
          "value": 272.2
        },
        {
          "date": "2020-07-01",
          "value": 256.71
        },
        {
          "date": "2020-08-01",
          "value": 292.03
        },
        {
          "date": "2020-09-01",
          "value": 303.74
        },
        {
          "date": "2020-10-01",
          "value": 284.46
        },
        {
          "date": "2020-11-01",
          "value": 306.84
        },
        {
          "date": "2020-12-01",
          "value": 303.67
        },
        {
          "date": "2021-01-01",
          "value": 317.59
        },
        {
          "date": "2021-02-01",
          "value": 273.25
        },
        {
          "date": "2021-03-01",
          "value": 285.04
        },
        {
          "date": "2021-04-01",
          "value": 284.34
        },
        {
          "date": "2021-05-01",
          "value": 267.41
        },
        {
          "date": "2021-06-01",
          "value": 302.43
        },
        {
          "date": "2021-07-01",
          "value": 265.9
        },
        {
          "date": "2021-08-01",
          "value": 296.91
        },
        {
          "date": "2021-09-01",
          "value": 285.12
        },
        {
          "date": "2021-10-01",
          "value": 296.67
        },
        {
          "date": "2021-11-01",
          "value": 317.32
        },
        {
          "date": "2021-12-01",
          "value": 274.86
        },
        {
          "date": "2022-01-01",
          "value": 320.56
        },
        {
          "date": "2022-02-01",
          "value": 264.94
        },
        {
          "date": "2022-03-01",
          "value": 309.82
        },
        {
          "date": "2022-04-01",
          "value": 302.5
        },
        {
          "date": "2022-05-01",
          "value": 322.33
        },
        {
          "date": "2022-06-01",
          "value": 289.29
        },
        {
          "date": "2022-07-01",
          "value": 293.1
        },
        {
          "date": "2022-08-01",
          "value": 299.03
        },
        {
          "date": "2022-09-01",
          "value": 288.35
        },
        {
          "date": "2022-10-01",
          "value": 279.09
        },
        {
          "date": "2022-11-01",
          "value": 325.56
        },
        {
          "date": "2022-12-01",
          "value": 301.52
        },
        {
          "date": "2023-01-01",
          "value": 306.77
        },
        {
          "date": "2023-02-01",
          "value": 302.8
        },
        {
          "date": "2023-03-01",
          "value": 287.77
        },
        {
          "date": "2023-04-01",
          "value": 295.66
        },
        {
          "date": "2023-05-01",
          "value": 292.47
        },
        {
          "date": "2023-06-01",
          "value": 291.91
        },
        {
          "date": "2023-07-01",
          "value": 294.22
        },
        {
          "date": "2023-08-01",
          "value": 293.27
        },
        {
          "date": "2023-09-01",
          "value": 298.41
        },
        {
          "date": "2023-10-01",
          "value": 280.72
        },
        {
          "date": "2023-11-01",
          "value": 293.15
        },
        {
          "date": "2023-12-01",
          "value": 277.23
        },
        {
          "date": "2024-01-01",
          "value": 316.93
        },
        {
          "date": "2024-02-01",
          "value": 337.04
        },
        {
          "date": "2024-03-01",
          "value": 287.46
        },
        {
          "date": "2024-04-01",
          "value": 283.35
        },
        {
          "date": "2024-05-01",
          "value": 300.48
        },
        {
          "date": "2024-06-01",
          "value": 279.12
        },
        {
          "date": "2024-07-01",
          "value": 284.88
        },
        {
          "date": "2024-08-01",
          "value": 293.3
        },
        {
          "date": "2024-09-01",
          "value": 299.83
        },
        {
          "date": "2024-10-01",
          "value": 307.62
        },
        {
          "date": "2024-11-01",
          "value": 321.6
        },
        {
          "date": "2024-12-01",
          "value": 283.4
        },
        {
          "date": "2025-01-01",
          "value": 330.22
        },
        {
          "date": "2025-02-01",
          "value": 278.27
        },
        {
          "date": "2025-03-01",
          "value": 333.97
        },
        {
          "date": "2025-04-01",
          "value": 284.17
        },
        {
          "date": "2025-05-01",
          "value": 292.4
        },
        {
          "date": "2025-06-01",
          "value": 342.89
        },
        {
          "date": "2025-07-01",
          "value": 301.74
        },
        {
          "date": "2025-08-01",
          "value": 319.12
        },
        {
          "date": "2025-09-01",
          "value": 337.25
        },
        {
          "date": "2025-10-01",
          "value": 324.55
        },
        {
          "date": "2025-11-01",
          "value": 315.79
        }
      ],
      "record_count": 71
    },
    "UNRATE": {
      "description": "ABD İşsizlik Oranı (Unemployment Rate)",
      "data": [
        {
          "date": "2020-01-01",
          "value": 4.09
        },
        {
          "date": "2020-02-01",
          "value": 3.76
        },
        {
          "date": "2020-03-01",
          "value": 4.67
        },
        {
          "date": "2020-04-01",
          "value": 4.88
        },
        {
          "date": "2020-05-01",
          "value": 4.22
        },
        {
          "date": "2020-06-01",
          "value": 4.49
        },
        {
          "date": "2020-07-01",
          "value": 4.08
        },
        {
          "date": "2020-08-01",
          "value": 4.64
        },
        {
          "date": "2020-09-01",
          "value": 3.85
        },
        {
          "date": "2020-10-01",
          "value": 3.85
        },
        {
          "date": "2020-11-01",
          "value": 4.1
        },
        {
          "date": "2020-12-01",
          "value": 4.94
        },
        {
          "date": "2021-01-01",
          "value": 4.98
        },
        {
          "date": "2021-02-01",
          "value": 7.63
        },
        {
          "date": "2021-03-01",
          "value": 3.75
        },
        {
          "date": "2021-04-01",
          "value": 5.19
        },
        {
          "date": "2021-05-01",
          "value": 5.02
        },
        {
          "date": "2021-06-01",
          "value": 7.0
        },
        {
          "date": "2021-07-01",
          "value": 6.39
        },
        {
          "date": "2021-08-01",
          "value": 6.93
        },
        {
          "date": "2021-09-01",
          "value": 8.0
        },
        {
          "date": "2021-10-01",
          "value": 3.55
        },
        {
          "date": "2021-11-01",
          "value": 7.17
        },
        {
          "date": "2021-12-01",
          "value": 7.43
        },
        {
          "date": "2022-01-01",
          "value": 6.25
        },
        {
          "date": "2022-02-01",
          "value": 3.29
        },
        {
          "date": "2022-03-01",
          "value": 7.32
        },
        {
          "date": "2022-04-01",
          "value": 6.63
        },
        {
          "date": "2022-05-01",
          "value": 7.61
        },
        {
          "date": "2022-06-01",
          "value": 7.55
        },
        {
          "date": "2022-07-01",
          "value": 5.73
        },
        {
          "date": "2022-08-01",
          "value": 7.87
        },
        {
          "date": "2022-09-01",
          "value": 6.43
        },
        {
          "date": "2022-10-01",
          "value": 4.0
        },
        {
          "date": "2022-11-01",
          "value": 6.29
        },
        {
          "date": "2022-12-01",
          "value": 5.0
        },
        {
          "date": "2023-01-01",
          "value": 4.13
        },
        {
          "date": "2023-02-01",
          "value": 3.99
        },
        {
          "date": "2023-03-01",
          "value": 3.46
        },
        {
          "date": "2023-04-01",
          "value": 4.34
        },
        {
          "date": "2023-05-01",
          "value": 4.44
        },
        {
          "date": "2023-06-01",
          "value": 4.08
        },
        {
          "date": "2023-07-01",
          "value": 4.41
        },
        {
          "date": "2023-08-01",
          "value": 3.05
        },
        {
          "date": "2023-09-01",
          "value": 4.42
        },
        {
          "date": "2023-10-01",
          "value": 4.26
        },
        {
          "date": "2023-11-01",
          "value": 3.33
        },
        {
          "date": "2023-12-01",
          "value": 4.41
        },
        {
          "date": "2024-01-01",
          "value": 3.04
        },
        {
          "date": "2024-02-01",
          "value": 3.76
        },
        {
          "date": "2024-03-01",
          "value": 3.16
        },
        {
          "date": "2024-04-01",
          "value": 3.44
        },
        {
          "date": "2024-05-01",
          "value": 4.34
        },
        {
          "date": "2024-06-01",
          "value": 3.89
        },
        {
          "date": "2024-07-01",
          "value": 4.37
        },
        {
          "date": "2024-08-01",
          "value": 3.83
        },
        {
          "date": "2024-09-01",
          "value": 3.93
        },
        {
          "date": "2024-10-01",
          "value": 3.54
        },
        {
          "date": "2024-11-01",
          "value": 4.17
        },
        {
          "date": "2024-12-01",
          "value": 4.04
        },
        {
          "date": "2025-01-01",
          "value": 3.09
        },
        {
          "date": "2025-02-01",
          "value": 4.16
        },
        {
          "date": "2025-03-01",
          "value": 3.6
        },
        {
          "date": "2025-04-01",
          "value": 4.45
        },
        {
          "date": "2025-05-01",
          "value": 3.82
        },
        {
          "date": "2025-06-01",
          "value": 3.59
        },
        {
          "date": "2025-07-01",
          "value": 3.49
        },
        {
          "date": "2025-08-01",
          "value": 3.58
        },
        {
          "date": "2025-09-01",
          "value": 3.09
        },
        {
          "date": "2025-10-01",
          "value": 4.45
        },
        {
          "date": "2025-11-01",
          "value": 3.85
        }
      ],
      "record_count": 71
    },
    "GDP": {
      "description": "ABD Gayri Safi Yurt İçi Hasıla (GDP)",
      "data": [
        {
          "date": "2020-01-01",
          "value": 21.83
        },
        {
          "date": "2020-02-01",
          "value": 20.55
        },
        {
          "date": "2020-03-01",
          "value": 22.02
        },
        {
          "date": "2020-04-01",
          "value": 26.64
        },
        {
          "date": "2020-05-01",
          "value": 21.01
        },
        {
          "date": "2020-06-01",
          "value": 22.2
        },
        {
          "date": "2020-07-01",
          "value": 19.91
        },
        {
          "date": "2020-08-01",
          "value": 21.03
        },
        {
          "date": "2020-09-01",
          "value": 23.68
        },
        {
          "date": "2020-10-01",
          "value": 27.41
        },
        {
          "date": "2020-11-01",
          "value": 24.92
        },
        {
          "date": "2020-12-01",
          "value": 23.18
        },
        {
          "date": "2021-01-01",
          "value": 27.71
        },
        {
          "date": "2021-02-01",
          "value": 26.47
        },
        {
          "date": "2021-03-01",
          "value": 20.56
        },
        {
          "date": "2021-04-01",
          "value": 28.26
        },
        {
          "date": "2021-05-01",
          "value": 22.59
        },
        {
          "date": "2021-06-01",
          "value": 21.19
        },
        {
          "date": "2021-07-01",
          "value": 27.78
        },
        {
          "date": "2021-08-01",
          "value": 20.92
        },
        {
          "date": "2021-09-01",
          "value": 22.09
        },
        {
          "date": "2021-10-01",
          "value": 21.49
        },
        {
          "date": "2021-11-01",
          "value": 25.44
        },
        {
          "date": "2021-12-01",
          "value": 20.44
        },
        {
          "date": "2022-01-01",
          "value": 22.7
        },
        {
          "date": "2022-02-01",
          "value": 23.21
        },
        {
          "date": "2022-03-01",
          "value": 28.08
        },
        {
          "date": "2022-04-01",
          "value": 29.15
        },
        {
          "date": "2022-05-01",
          "value": 29.59
        },
        {
          "date": "2022-06-01",
          "value": 24.22
        },
        {
          "date": "2022-07-01",
          "value": 24.02
        },
        {
          "date": "2022-08-01",
          "value": 24.74
        },
        {
          "date": "2022-09-01",
          "value": 29.46
        },
        {
          "date": "2022-10-01",
          "value": 22.75
        },
        {
          "date": "2022-11-01",
          "value": 28.7
        },
        {
          "date": "2022-12-01",
          "value": 25.26
        },
        {
          "date": "2023-01-01",
          "value": 21.67
        },
        {
          "date": "2023-02-01",
          "value": 21.67
        },
        {
          "date": "2023-03-01",
          "value": 27.66
        },
        {
          "date": "2023-04-01",
          "value": 22.54
        },
        {
          "date": "2023-05-01",
          "value": 27.49
        },
        {
          "date": "2023-06-01",
          "value": 27.08
        },
        {
          "date": "2023-07-01",
          "value": 28.58
        },
        {
          "date": "2023-08-01",
          "value": 21.92
        },
        {
          "date": "2023-09-01",
          "value": 24.41
        },
        {
          "date": "2023-10-01",
          "value": 22.61
        },
        {
          "date": "2023-11-01",
          "value": 29.15
        },
        {
          "date": "2023-12-01",
          "value": 28.96
        },
        {
          "date": "2024-01-01",
          "value": 25.56
        },
        {
          "date": "2024-02-01",
          "value": 30.65
        },
        {
          "date": "2024-03-01",
          "value": 23.87
        },
        {
          "date": "2024-04-01",
          "value": 30.98
        },
        {
          "date": "2024-05-01",
          "value": 26.59
        },
        {
          "date": "2024-06-01",
          "value": 31.14
        },
        {
          "date": "2024-07-01",
          "value": 29.72
        },
        {
          "date": "2024-08-01",
          "value": 26.77
        },
        {
          "date": "2024-09-01",
          "value": 29.9
        },
        {
          "date": "2024-10-01",
          "value": 23.26
        },
        {
          "date": "2024-11-01",
          "value": 29.93
        },
        {
          "date": "2024-12-01",
          "value": 26.45
        },
        {
          "date": "2025-01-01",
          "value": 29.75
        },
        {
          "date": "2025-02-01",
          "value": 27.97
        },
        {
          "date": "2025-03-01",
          "value": 29.65
        },
        {
          "date": "2025-04-01",
          "value": 26.12
        },
        {
          "date": "2025-05-01",
          "value": 25.41
        },
        {
          "date": "2025-06-01",
          "value": 26.57
        },
        {
          "date": "2025-07-01",
          "value": 31.22
        },
        {
          "date": "2025-08-01",
          "value": 23.66
        },
        {
          "date": "2025-09-01",
          "value": 27.69
        },
        {
          "date": "2025-10-01",
          "value": 28.5
        },
        {
          "date": "2025-11-01",
          "value": 27.28
        }
      ],
      "record_count": 71
    },
    "DEXUSAL": {
      "description": "ABD Doları / Avustralya Doları",
      "data": [
        {
          "date": "2020-01-01",
          "value": 0.76
        },
        {
          "date": "2020-02-01",
          "value": 0.84
        },
        {
          "date": "2020-03-01",
          "value": 0.68
        },
        {
          "date": "2020-04-01",
          "value": 0.68
        },
        {
          "date": "2020-05-01",
          "value": 0.71
        },
        {
          "date": "2020-06-01",
          "value": 0.77
        },
        {
          "date": "2020-07-01",
          "value": 0.66
        },
        {
          "date": "2020-08-01",
          "value": 0.71
        },
        {
          "date": "2020-09-01",
          "value": 0.78
        },
        {
          "date": "2020-10-01",
          "value": 0.82
        },
        {
          "date": "2020-11-01",
          "value": 0.84
        },
        {
          "date": "2020-12-01",
          "value": 0.83
        },
        {
          "date": "2021-01-01",
          "value": 0.63
        },
        {
          "date": "2021-02-01",
          "value": 0.75
        },
        {
          "date": "2021-03-01",
          "value": 0.83
        },
        {
          "date": "2021-04-01",
          "value": 0.68
        },
        {
          "date": "2021-05-01",
          "value": 0.7
        },
        {
          "date": "2021-06-01",
          "value": 0.66
        },
        {
          "date": "2021-07-01",
          "value": 0.64
        },
        {
          "date": "2021-08-01",
          "value": 0.68
        },
        {
          "date": "2021-09-01",
          "value": 0.82
        },
        {
          "date": "2021-10-01",
          "value": 0.78
        },
        {
          "date": "2021-11-01",
          "value": 0.74
        },
        {
          "date": "2021-12-01",
          "value": 0.75
        },
        {
          "date": "2022-01-01",
          "value": 0.68
        },
        {
          "date": "2022-02-01",
          "value": 0.61
        },
        {
          "date": "2022-03-01",
          "value": 0.69
        },
        {
          "date": "2022-04-01",
          "value": 0.66
        },
        {
          "date": "2022-05-01",
          "value": 0.63
        },
        {
          "date": "2022-06-01",
          "value": 0.74
        },
        {
          "date": "2022-07-01",
          "value": 0.64
        },
        {
          "date": "2022-08-01",
          "value": 0.64
        },
        {
          "date": "2022-09-01",
          "value": 0.82
        },
        {
          "date": "2022-10-01",
          "value": 0.82
        },
        {
          "date": "2022-11-01",
          "value": 0.76
        },
        {
          "date": "2022-12-01",
          "value": 0.64
        },
        {
          "date": "2023-01-01",
          "value": 0.81
        },
        {
          "date": "2023-02-01",
          "value": 0.67
        },
        {
          "date": "2023-03-01",
          "value": 0.7
        },
        {
          "date": "2023-04-01",
          "value": 0.64
        },
        {
          "date": "2023-05-01",
          "value": 0.83
        },
        {
          "date": "2023-06-01",
          "value": 0.76
        },
        {
          "date": "2023-07-01",
          "value": 0.79
        },
        {
          "date": "2023-08-01",
          "value": 0.62
        },
        {
          "date": "2023-09-01",
          "value": 0.74
        },
        {
          "date": "2023-10-01",
          "value": 0.65
        },
        {
          "date": "2023-11-01",
          "value": 0.79
        },
        {
          "date": "2023-12-01",
          "value": 0.77
        },
        {
          "date": "2024-01-01",
          "value": 0.66
        },
        {
          "date": "2024-02-01",
          "value": 0.75
        },
        {
          "date": "2024-03-01",
          "value": 0.83
        },
        {
          "date": "2024-04-01",
          "value": 0.73
        },
        {
          "date": "2024-05-01",
          "value": 0.79
        },
        {
          "date": "2024-06-01",
          "value": 0.68
        },
        {
          "date": "2024-07-01",
          "value": 0.81
        },
        {
          "date": "2024-08-01",
          "value": 0.75
        },
        {
          "date": "2024-09-01",
          "value": 0.66
        },
        {
          "date": "2024-10-01",
          "value": 0.82
        },
        {
          "date": "2024-11-01",
          "value": 0.75
        },
        {
          "date": "2024-12-01",
          "value": 0.67
        },
        {
          "date": "2025-01-01",
          "value": 0.75
        },
        {
          "date": "2025-02-01",
          "value": 0.66
        },
        {
          "date": "2025-03-01",
          "value": 0.75
        },
        {
          "date": "2025-04-01",
          "value": 0.7
        },
        {
          "date": "2025-05-01",
          "value": 0.78
        },
        {
          "date": "2025-06-01",
          "value": 0.79
        },
        {
          "date": "2025-07-01",
          "value": 0.76
        },
        {
          "date": "2025-08-01",
          "value": 0.8
        },
        {
          "date": "2025-09-01",
          "value": 0.7
        },
        {
          "date": "2025-10-01",
          "value": 0.71
        },
        {
          "date": "2025-11-01",
          "value": 0.8
        }
      ],
      "record_count": 71
    },
    "DEXCHUS": {
      "description": "ABD Doları / Çin Yuanı",
      "data": [
        {
          "date": "2020-01-01",
          "value": 6.88
        },
        {
          "date": "2020-02-01",
          "value": 6.55
        },
        {
          "date": "2020-03-01",
          "value": 6.61
        },
        {
          "date": "2020-04-01",
          "value": 6.69
        },
        {
          "date": "2020-05-01",
          "value": 6.97
        },
        {
          "date": "2020-06-01",
          "value": 6.59
        },
        {
          "date": "2020-07-01",
          "value": 6.5
        },
        {
          "date": "2020-08-01",
          "value": 7.33
        },
        {
          "date": "2020-09-01",
          "value": 7.07
        },
        {
          "date": "2020-10-01",
          "value": 6.75
        },
        {
          "date": "2020-11-01",
          "value": 7.39
        },
        {
          "date": "2020-12-01",
          "value": 6.98
        },
        {
          "date": "2021-01-01",
          "value": 6.49
        },
        {
          "date": "2021-02-01",
          "value": 7.07
        },
        {
          "date": "2021-03-01",
          "value": 6.95
        },
        {
          "date": "2021-04-01",
          "value": 7.24
        },
        {
          "date": "2021-05-01",
          "value": 6.5
        },
        {
          "date": "2021-06-01",
          "value": 7.15
        },
        {
          "date": "2021-07-01",
          "value": 6.76
        },
        {
          "date": "2021-08-01",
          "value": 6.38
        },
        {
          "date": "2021-09-01",
          "value": 6.37
        },
        {
          "date": "2021-10-01",
          "value": 6.95
        },
        {
          "date": "2021-11-01",
          "value": 7.32
        },
        {
          "date": "2021-12-01",
          "value": 7.31
        },
        {
          "date": "2022-01-01",
          "value": 7.27
        },
        {
          "date": "2022-02-01",
          "value": 6.57
        },
        {
          "date": "2022-03-01",
          "value": 6.75
        },
        {
          "date": "2022-04-01",
          "value": 7.32
        },
        {
          "date": "2022-05-01",
          "value": 7.44
        },
        {
          "date": "2022-06-01",
          "value": 6.38
        },
        {
          "date": "2022-07-01",
          "value": 7.48
        },
        {
          "date": "2022-08-01",
          "value": 6.26
        },
        {
          "date": "2022-09-01",
          "value": 7.03
        },
        {
          "date": "2022-10-01",
          "value": 6.71
        },
        {
          "date": "2022-11-01",
          "value": 7.12
        },
        {
          "date": "2022-12-01",
          "value": 7.03
        },
        {
          "date": "2023-01-01",
          "value": 6.21
        },
        {
          "date": "2023-02-01",
          "value": 7.23
        },
        {
          "date": "2023-03-01",
          "value": 7.12
        },
        {
          "date": "2023-04-01",
          "value": 6.32
        },
        {
          "date": "2023-05-01",
          "value": 6.41
        },
        {
          "date": "2023-06-01",
          "value": 6.25
        },
        {
          "date": "2023-07-01",
          "value": 6.2
        },
        {
          "date": "2023-08-01",
          "value": 7.2
        },
        {
          "date": "2023-09-01",
          "value": 6.5
        },
        {
          "date": "2023-10-01",
          "value": 7.44
        },
        {
          "date": "2023-11-01",
          "value": 7.12
        },
        {
          "date": "2023-12-01",
          "value": 6.69
        },
        {
          "date": "2024-01-01",
          "value": 6.43
        },
        {
          "date": "2024-02-01",
          "value": 6.8
        },
        {
          "date": "2024-03-01",
          "value": 6.21
        },
        {
          "date": "2024-04-01",
          "value": 7.49
        },
        {
          "date": "2024-05-01",
          "value": 7.46
        },
        {
          "date": "2024-06-01",
          "value": 6.61
        },
        {
          "date": "2024-07-01",
          "value": 6.26
        },
        {
          "date": "2024-08-01",
          "value": 6.88
        },
        {
          "date": "2024-09-01",
          "value": 7.26
        },
        {
          "date": "2024-10-01",
          "value": 7.29
        },
        {
          "date": "2024-11-01",
          "value": 7.36
        },
        {
          "date": "2024-12-01",
          "value": 7.48
        },
        {
          "date": "2025-01-01",
          "value": 6.67
        },
        {
          "date": "2025-02-01",
          "value": 6.48
        },
        {
          "date": "2025-03-01",
          "value": 6.87
        },
        {
          "date": "2025-04-01",
          "value": 7.34
        },
        {
          "date": "2025-05-01",
          "value": 7.1
        },
        {
          "date": "2025-06-01",
          "value": 6.6
        },
        {
          "date": "2025-07-01",
          "value": 6.33
        },
        {
          "date": "2025-08-01",
          "value": 6.25
        },
        {
          "date": "2025-09-01",
          "value": 6.77
        },
        {
          "date": "2025-10-01",
          "value": 6.77
        },
        {
          "date": "2025-11-01",
          "value": 6.79
        }
      ],
      "record_count": 71
    },
    "DEXDEUS": {
      "description": "ABD Doları / Euro",
      "data": [
        {
          "date": "2020-01-01",
          "value": 1.05
        },
        {
          "date": "2020-02-01",
          "value": 0.88
        },
        {
          "date": "2020-03-01",
          "value": 0.83
        },
        {
          "date": "2020-04-01",
          "value": 1.1
        },
        {
          "date": "2020-05-01",
          "value": 0.95
        },
        {
          "date": "2020-06-01",
          "value": 0.85
        },
        {
          "date": "2020-07-01",
          "value": 0.88
        },
        {
          "date": "2020-08-01",
          "value": 0.84
        },
        {
          "date": "2020-09-01",
          "value": 0.81
        },
        {
          "date": "2020-10-01",
          "value": 0.88
        },
        {
          "date": "2020-11-01",
          "value": 1.14
        },
        {
          "date": "2020-12-01",
          "value": 0.82
        },
        {
          "date": "2021-01-01",
          "value": 1.06
        },
        {
          "date": "2021-02-01",
          "value": 1.04
        },
        {
          "date": "2021-03-01",
          "value": 1.12
        },
        {
          "date": "2021-04-01",
          "value": 1.15
        },
        {
          "date": "2021-05-01",
          "value": 0.82
        },
        {
          "date": "2021-06-01",
          "value": 1.15
        },
        {
          "date": "2021-07-01",
          "value": 1.09
        },
        {
          "date": "2021-08-01",
          "value": 1.06
        },
        {
          "date": "2021-09-01",
          "value": 0.81
        },
        {
          "date": "2021-10-01",
          "value": 0.94
        },
        {
          "date": "2021-11-01",
          "value": 1.0
        },
        {
          "date": "2021-12-01",
          "value": 1.17
        },
        {
          "date": "2022-01-01",
          "value": 0.83
        },
        {
          "date": "2022-02-01",
          "value": 0.82
        },
        {
          "date": "2022-03-01",
          "value": 1.09
        },
        {
          "date": "2022-04-01",
          "value": 0.84
        },
        {
          "date": "2022-05-01",
          "value": 1.01
        },
        {
          "date": "2022-06-01",
          "value": 0.98
        },
        {
          "date": "2022-07-01",
          "value": 1.03
        },
        {
          "date": "2022-08-01",
          "value": 1.05
        },
        {
          "date": "2022-09-01",
          "value": 1.2
        },
        {
          "date": "2022-10-01",
          "value": 1.13
        },
        {
          "date": "2022-11-01",
          "value": 0.84
        },
        {
          "date": "2022-12-01",
          "value": 0.84
        },
        {
          "date": "2023-01-01",
          "value": 0.81
        },
        {
          "date": "2023-02-01",
          "value": 0.98
        },
        {
          "date": "2023-03-01",
          "value": 1.18
        },
        {
          "date": "2023-04-01",
          "value": 1.04
        },
        {
          "date": "2023-05-01",
          "value": 1.08
        },
        {
          "date": "2023-06-01",
          "value": 1.04
        },
        {
          "date": "2023-07-01",
          "value": 1.14
        },
        {
          "date": "2023-08-01",
          "value": 0.96
        },
        {
          "date": "2023-09-01",
          "value": 1.17
        },
        {
          "date": "2023-10-01",
          "value": 0.87
        },
        {
          "date": "2023-11-01",
          "value": 1.08
        },
        {
          "date": "2023-12-01",
          "value": 0.81
        },
        {
          "date": "2024-01-01",
          "value": 1.02
        },
        {
          "date": "2024-02-01",
          "value": 1.18
        },
        {
          "date": "2024-03-01",
          "value": 1.01
        },
        {
          "date": "2024-04-01",
          "value": 0.97
        },
        {
          "date": "2024-05-01",
          "value": 1.14
        },
        {
          "date": "2024-06-01",
          "value": 0.86
        },
        {
          "date": "2024-07-01",
          "value": 0.88
        },
        {
          "date": "2024-08-01",
          "value": 0.93
        },
        {
          "date": "2024-09-01",
          "value": 0.8
        },
        {
          "date": "2024-10-01",
          "value": 0.86
        },
        {
          "date": "2024-11-01",
          "value": 0.85
        },
        {
          "date": "2024-12-01",
          "value": 1.13
        },
        {
          "date": "2025-01-01",
          "value": 1.1
        },
        {
          "date": "2025-02-01",
          "value": 1.17
        },
        {
          "date": "2025-03-01",
          "value": 0.84
        },
        {
          "date": "2025-04-01",
          "value": 0.99
        },
        {
          "date": "2025-05-01",
          "value": 1.06
        },
        {
          "date": "2025-06-01",
          "value": 0.84
        },
        {
          "date": "2025-07-01",
          "value": 0.92
        },
        {
          "date": "2025-08-01",
          "value": 1.1
        },
        {
          "date": "2025-09-01",
          "value": 1.16
        },
        {
          "date": "2025-10-01",
          "value": 0.98
        },
        {
          "date": "2025-11-01",
          "value": 1.19
        }
      ],
      "record_count": 71
    },
    "DEXJPUS": {
      "description": "ABD Doları / Japon Yeni",
      "data": [
        {
          "date": "2020-01-01",
          "value": 149.79
        },
        {
          "date": "2020-02-01",
          "value": 122.0
        },
        {
          "date": "2020-03-01",
          "value": 129.05
        },
        {
          "date": "2020-04-01",
          "value": 115.13
        },
        {
          "date": "2020-05-01",
          "value": 111.56
        },
        {
          "date": "2020-06-01",
          "value": 120.83
        },
        {
          "date": "2020-07-01",
          "value": 148.84
        },
        {
          "date": "2020-08-01",
          "value": 112.26
        },
        {
          "date": "2020-09-01",
          "value": 107.25
        },
        {
          "date": "2020-10-01",
          "value": 129.69
        },
        {
          "date": "2020-11-01",
          "value": 101.19
        },
        {
          "date": "2020-12-01",
          "value": 143.21
        },
        {
          "date": "2021-01-01",
          "value": 108.91
        },
        {
          "date": "2021-02-01",
          "value": 138.41
        },
        {
          "date": "2021-03-01",
          "value": 140.54
        },
        {
          "date": "2021-04-01",
          "value": 134.29
        },
        {
          "date": "2021-05-01",
          "value": 112.98
        },
        {
          "date": "2021-06-01",
          "value": 123.84
        },
        {
          "date": "2021-07-01",
          "value": 121.99
        },
        {
          "date": "2021-08-01",
          "value": 100.12
        },
        {
          "date": "2021-09-01",
          "value": 109.12
        },
        {
          "date": "2021-10-01",
          "value": 142.19
        },
        {
          "date": "2021-11-01",
          "value": 133.23
        },
        {
          "date": "2021-12-01",
          "value": 123.1
        },
        {
          "date": "2022-01-01",
          "value": 149.59
        },
        {
          "date": "2022-02-01",
          "value": 143.72
        },
        {
          "date": "2022-03-01",
          "value": 140.81
        },
        {
          "date": "2022-04-01",
          "value": 116.84
        },
        {
          "date": "2022-05-01",
          "value": 125.85
        },
        {
          "date": "2022-06-01",
          "value": 136.3
        },
        {
          "date": "2022-07-01",
          "value": 106.05
        },
        {
          "date": "2022-08-01",
          "value": 143.86
        },
        {
          "date": "2022-09-01",
          "value": 147.11
        },
        {
          "date": "2022-10-01",
          "value": 141.71
        },
        {
          "date": "2022-11-01",
          "value": 143.58
        },
        {
          "date": "2022-12-01",
          "value": 104.98
        },
        {
          "date": "2023-01-01",
          "value": 142.11
        },
        {
          "date": "2023-02-01",
          "value": 103.49
        },
        {
          "date": "2023-03-01",
          "value": 138.55
        },
        {
          "date": "2023-04-01",
          "value": 100.36
        },
        {
          "date": "2023-05-01",
          "value": 121.21
        },
        {
          "date": "2023-06-01",
          "value": 115.25
        },
        {
          "date": "2023-07-01",
          "value": 123.68
        },
        {
          "date": "2023-08-01",
          "value": 103.51
        },
        {
          "date": "2023-09-01",
          "value": 115.84
        },
        {
          "date": "2023-10-01",
          "value": 126.49
        },
        {
          "date": "2023-11-01",
          "value": 117.8
        },
        {
          "date": "2023-12-01",
          "value": 105.6
        },
        {
          "date": "2024-01-01",
          "value": 129.9
        },
        {
          "date": "2024-02-01",
          "value": 105.35
        },
        {
          "date": "2024-03-01",
          "value": 117.96
        },
        {
          "date": "2024-04-01",
          "value": 103.91
        },
        {
          "date": "2024-05-01",
          "value": 133.17
        },
        {
          "date": "2024-06-01",
          "value": 109.75
        },
        {
          "date": "2024-07-01",
          "value": 127.35
        },
        {
          "date": "2024-08-01",
          "value": 111.78
        },
        {
          "date": "2024-09-01",
          "value": 130.81
        },
        {
          "date": "2024-10-01",
          "value": 116.88
        },
        {
          "date": "2024-11-01",
          "value": 132.84
        },
        {
          "date": "2024-12-01",
          "value": 114.79
        },
        {
          "date": "2025-01-01",
          "value": 111.24
        },
        {
          "date": "2025-02-01",
          "value": 142.91
        },
        {
          "date": "2025-03-01",
          "value": 126.91
        },
        {
          "date": "2025-04-01",
          "value": 116.2
        },
        {
          "date": "2025-05-01",
          "value": 109.83
        },
        {
          "date": "2025-06-01",
          "value": 139.72
        },
        {
          "date": "2025-07-01",
          "value": 135.15
        },
        {
          "date": "2025-08-01",
          "value": 106.93
        },
        {
          "date": "2025-09-01",
          "value": 102.19
        },
        {
          "date": "2025-10-01",
          "value": 116.1
        },
        {
          "date": "2025-11-01",
          "value": 114.44
        }
      ],
      "record_count": 71
    },
    "DEXUKUS": {
      "description": "ABD Doları / İngiliz Sterlini",
      "data": [
        {
          "date": "2020-01-01",
          "value": 0.83
        },
        {
          "date": "2020-02-01",
          "value": 0.85
        },
        {
          "date": "2020-03-01",
          "value": 0.83
        },
        {
          "date": "2020-04-01",
          "value": 0.85
        },
        {
          "date": "2020-05-01",
          "value": 0.76
        },
        {
          "date": "2020-06-01",
          "value": 0.8
        },
        {
          "date": "2020-07-01",
          "value": 0.73
        },
        {
          "date": "2020-08-01",
          "value": 0.75
        },
        {
          "date": "2020-09-01",
          "value": 0.77
        },
        {
          "date": "2020-10-01",
          "value": 0.84
        },
        {
          "date": "2020-11-01",
          "value": 0.85
        },
        {
          "date": "2020-12-01",
          "value": 0.73
        },
        {
          "date": "2021-01-01",
          "value": 0.7
        },
        {
          "date": "2021-02-01",
          "value": 0.73
        },
        {
          "date": "2021-03-01",
          "value": 0.77
        },
        {
          "date": "2021-04-01",
          "value": 0.81
        },
        {
          "date": "2021-05-01",
          "value": 0.78
        },
        {
          "date": "2021-06-01",
          "value": 0.8
        },
        {
          "date": "2021-07-01",
          "value": 0.73
        },
        {
          "date": "2021-08-01",
          "value": 0.79
        },
        {
          "date": "2021-09-01",
          "value": 0.76
        },
        {
          "date": "2021-10-01",
          "value": 0.72
        },
        {
          "date": "2021-11-01",
          "value": 0.82
        },
        {
          "date": "2021-12-01",
          "value": 0.83
        },
        {
          "date": "2022-01-01",
          "value": 0.72
        },
        {
          "date": "2022-02-01",
          "value": 0.81
        },
        {
          "date": "2022-03-01",
          "value": 0.83
        },
        {
          "date": "2022-04-01",
          "value": 0.82
        },
        {
          "date": "2022-05-01",
          "value": 0.82
        },
        {
          "date": "2022-06-01",
          "value": 0.74
        },
        {
          "date": "2022-07-01",
          "value": 0.71
        },
        {
          "date": "2022-08-01",
          "value": 0.71
        },
        {
          "date": "2022-09-01",
          "value": 0.74
        },
        {
          "date": "2022-10-01",
          "value": 0.77
        },
        {
          "date": "2022-11-01",
          "value": 0.81
        },
        {
          "date": "2022-12-01",
          "value": 0.8
        },
        {
          "date": "2023-01-01",
          "value": 0.77
        },
        {
          "date": "2023-02-01",
          "value": 0.78
        },
        {
          "date": "2023-03-01",
          "value": 0.83
        },
        {
          "date": "2023-04-01",
          "value": 0.73
        },
        {
          "date": "2023-05-01",
          "value": 0.77
        },
        {
          "date": "2023-06-01",
          "value": 0.76
        },
        {
          "date": "2023-07-01",
          "value": 0.71
        },
        {
          "date": "2023-08-01",
          "value": 0.83
        },
        {
          "date": "2023-09-01",
          "value": 0.72
        },
        {
          "date": "2023-10-01",
          "value": 0.75
        },
        {
          "date": "2023-11-01",
          "value": 0.83
        },
        {
          "date": "2023-12-01",
          "value": 0.84
        },
        {
          "date": "2024-01-01",
          "value": 0.76
        },
        {
          "date": "2024-02-01",
          "value": 0.77
        },
        {
          "date": "2024-03-01",
          "value": 0.74
        },
        {
          "date": "2024-04-01",
          "value": 0.77
        },
        {
          "date": "2024-05-01",
          "value": 0.81
        },
        {
          "date": "2024-06-01",
          "value": 0.81
        },
        {
          "date": "2024-07-01",
          "value": 0.78
        },
        {
          "date": "2024-08-01",
          "value": 0.77
        },
        {
          "date": "2024-09-01",
          "value": 0.74
        },
        {
          "date": "2024-10-01",
          "value": 0.73
        },
        {
          "date": "2024-11-01",
          "value": 0.81
        },
        {
          "date": "2024-12-01",
          "value": 0.76
        },
        {
          "date": "2025-01-01",
          "value": 0.7
        },
        {
          "date": "2025-02-01",
          "value": 0.8
        },
        {
          "date": "2025-03-01",
          "value": 0.73
        },
        {
          "date": "2025-04-01",
          "value": 0.83
        },
        {
          "date": "2025-05-01",
          "value": 0.73
        },
        {
          "date": "2025-06-01",
          "value": 0.71
        },
        {
          "date": "2025-07-01",
          "value": 0.73
        },
        {
          "date": "2025-08-01",
          "value": 0.8
        },
        {
          "date": "2025-09-01",
          "value": 0.78
        },
        {
          "date": "2025-10-01",
          "value": 0.74
        },
        {
          "date": "2025-11-01",
          "value": 0.74
        }
      ],
      "record_count": 71
    }
  }
}