{
  "dates": [
    "2020-01",
    "2020-02",
    "2020-03",
    "2020-04",
    "2020-05",
    "2020-06",
    "2020-07",
    "2020-08",
    "2020-09",
    "2020-10",
    "2020-11",
    "2020-12",
    "2021-01",
    "2021-02",
    "2021-03",
    "2021-04",
    "2021-05",
    "2021-06",
    "2021-07",
    "2021-08",
    "2021-09",
    "2021-10",
    "2021-11",
    "2021-12",
    "2022-01",
    "2022-02",
    "2022-03",
    "2022-04",
    "2022-05",
    "2022-06",
    "2022-07",
    "2022-08",
    "2022-09",
    "2022-10",
    "2022-11",
    "2022-12",
    "2023-01",
    "2023-02",
    "2023-03",
    "2023-04",
    "2023-05",
    "2023-06",
    "2023-07",
    "2023-08",
    "2023-09",
    "2023-10",
    "2023-11",
    "2023-12",
    "2024-01",
    "2024-02",
    "2024-03",
    "2024-04",
    "2024-05",
    "2024-06",
    "2024-07",
    "2024-08",
    "2024-09",
    "2024-10",
    "2024-11",
    "2024-12",
    "2025-01",
    "2025-02",
    "2025-03",
    "2025-04",
    "2025-05",
    "2025-06",
    "2025-07",
    "2025-08",
    "2025-09"
  ],
  "values": [
    13.8,
    13.6,
    13.2,
    12.8,
    12.9,
    13.1,
    13.4,
    13.2,
    12.9,
    12.6,
    12.3,
    12.5,
    12.2,
    12.0,
    11.8,
    11.7,
    11.5,
    10.9,
    10.6,
    10.1,
    9.8,
    9.7,
    9.5,
    9.4,
    9.2,
    9.0,
    8.9,
    8.7,
    8.5,
    8.3,
    8.1,
    8.0,
    7.9,
    7.8,
    7.6,
    7.5,
    7.3,
    7.1,
    7.0,
    6.9,
    6.8,
    6.7,
    6.6,
    6.5,
    6.4,
    6.3,
    6.2,
    6.1,
    6.0,
    5.9,
    5.8,
    5.7,
    5.6,
    5.5,
    5.4,
    5.3,
    5.2,
    5.1,
    5.0,
    4.9,
    10.4,
    10.1,
    9.8,
    9.5,
    9.2,
    8.6,
    8.0,
    8.5,
    8.6
  ],
  "metadata": {
    "source": "TÜİK Türkiye İstatistik Kurumu - Resmi İşgücü İstatistikleri",
    "description": "Mevsim etkisinden arındırılmış işsizlik oranları",
    "period": "2020-2025",
    "units": "yüzde (%)",
    "total_months": 69,
    "data_source_files": [
      "TÜİK Hanehalkı İşgücü İstatistikleri KKR Excel dosyaları (2020-2024)",
      "TÜİK İşgücü İstatistikleri Haber Bültenleri (2025)",
      "TÜİK Popüler İstatistikler Bölümü"
    ],
    "methodology": "Mevsim etkisinden arındırılmış işsizlik oranları, 15+ yaş nüfus",
    "extraction_date": "2025-11-09T18:05:26.379061",
    "data_validation": "TÜİK'in resmi haber bültenleri ve popüler istatistikleri ile doğrulanmış"
  }
}