[
  {"code": "AAA", "name": "AK PORTFÖY A TIPI DEĞİŞKEN FON", "type": "Değişken Fon"},
  {"code": "AAD", "name": "ANADOLU HAYAT EMEKLİLİK ALTIN FONU", "type": "Emeklilik Altın"},
  {"code": "AAK", "name": "ATA PORTFÖY KARMA FONU", "type": "Karma Fon"},
  {"code": "ABD", "name": "ALLIANZ HAYAT VE EMEKLİLİK B TİPİ DEĞ. FON", "type": "Emeklilik Değişken"},
  {"code": "ACC", "name": "AKBANK PORTFÖY HİSSE SENEDİ FONU", "type": "Hisse Senedi"},
  {"code": "ACE", "name": "AK PORTFÖY EUROBOND DOLAR DİS BÖL. DEV. VE ÖZEL KES. BORÇ. ARA. FONU", "type": "Dış Borç Araçları"},
  {"code": "ACG", "name": "GARANTI PORTFÖY HİSSE SENEDİ FONU", "type": "Hisse Senedi"},
  {"code": "ACH", "name": "HSBC PORTFÖY HİSSE SENEDİ FONU", "type": "Hisse Senedi"},
  {"code": "ACP", "name": "TEB PORTFÖY HİSSE SENEDİ FONU", "type": "Hisse Senedi"},
  {"code": "ACS", "name": "İŞ PORTFÖY HİSSE SENEDİ FONU", "type": "Hisse Senedi"},
  {"code": "ACT", "name": "FİNANS PORTFÖY HİSSE SENEDİ FONU", "type": "Hisse Senedi"},
  {"code": "ACU", "name": "ZIRAAT PORTFÖY HİSSE SENEDİ FONU", "type": "Hisse Senedi"},
  {"code": "ADB", "name": "ALLIANZ HAYAT VE EMEKLİLİK BÜYÜME AMAÇLI HİSSE SENEDİ FONU", "type": "Emeklilik Hisse"},
  {"code": "ADI", "name": "ATA PORTFÖY DİNAMİK DEĞİŞKEN FON", "type": "Değişken Fon"},
  {"code": "AED", "name": "ATA PORTFÖY EUROBOND DÖVİZ DIŞTAN YABANCI BORÇLANMA ARAÇLARI FONU", "type": "Dış Borç Araçları"},
  {"code": "AEE", "name": "AK PORTFÖY EUROBOND DOLAR DİS BORÇLANMA ARAÇLARI FONU", "type": "Dış Borç Araçları"},
  {"code": "AEH", "name": "HSBC PORTFÖY EUROBOND DÖVİZ DIŞTAN BORÇLANMA ARAÇLARI FONU", "type": "Dış Borç Araçları"},
  {"code": "AFK", "name": "AKBANK PORTFÖY KARMA FONU", "type": "Karma Fon"},
  {"code": "AGA", "name": "AK PORTFÖY ALTIN FONU", "type": "Altın Fon"},
  {"code": "AGD", "name": "AVIVA SIGORTA VE EMEKLİLİK ALTIN FONU", "type": "Emeklilik Altın"},
  {"code": "AGE", "name": "ATA PORTFÖY ALTIN FONU", "type": "Altın Fon"},
  {"code": "AGH", "name": "HSBC PORTFÖY ALTIN FONU", "type": "Altın Fon"},
  {"code": "AGP", "name": "TEB PORTFÖY ALTIN FONU", "type": "Altın Fon"},
  {"code": "AGS", "name": "İŞ PORTFÖY ALTIN FONU", "type": "Altın Fon"},
  {"code": "AGZ", "name": "ZIRAAT PORTFÖY ALTIN FONU", "type": "Altın Fon"},
  {"code": "AHE", "name": "AK PORTFÖY HİSSE SENEDİ FONU", "type": "Hisse Senedi"},
  {"code": "AHH", "name": "HSBC PORTFÖY HİSSE SENEDİ FONU (HİSSE SENEDİ YOĞUN FON)", "type": "Hisse Senedi"},
  {"code": "AHP", "name": "TEB PORTFÖY HİSSE SENEDİ FONU", "type": "Hisse Senedi"},
  {"code": "AHU", "name": "AVIVA SIGORTA VE EMEKLİLİK HİSSE SENEDİ FONU", "type": "Emeklilik Hisse"},
  {"code": "AIA", "name": "ATA PORTFÖY İKİNCİ KARMA FONU", "type": "Karma Fon"},
  {"code": "AKE", "name": "ATA PORTFÖY KATILIM ENDEKSİ HİSSE SENEDİ FONU", "type": "Hisse Senedi"},
  {"code": "AKF", "name": "AK PORTFÖY KARMA FONU", "type": "Karma Fon"},
  {"code": "AKH", "name": "HSBC PORTFÖY KARMA FONU", "type": "Karma Fon"},
  {"code": "AKK", "name": "AK PORTFÖY İKİNCİ KARMA FONU", "type": "Karma Fon"},
  {"code": "AKT", "name": "FİNANS PORTFÖY KARMA FONU", "type": "Karma Fon"},
  {"code": "AKZ", "name": "ZIRAAT PORTFÖY KARMA FONU", "type": "Karma Fon"},
  {"code": "AOH", "name": "HSBC PORTFÖY KISA VADELİ BORÇLANMA ARAÇLARI FONU", "type": "Kısa Vadeli Borç"},
  {"code": "APD", "name": "AK PORTFÖY PARA PİYASASI FONU", "type": "Para Piyasası"},
  {"code": "APE", "name": "ATA PORTFÖY PARA PİYASASI FONU", "type": "Para Piyasası"},
  {"code": "APH", "name": "HSBC PORTFÖY PARA PİYASASI FONU", "type": "Para Piyasası"},
  {"code": "APK", "name": "AKBANK PORTFÖY PARA PİYASASI FONU", "type": "Para Piyasası"},
  {"code": "APP", "name": "TEB PORTFÖY PARA PİYASASI FONU", "type": "Para Piyasası"},
  {"code": "APS", "name": "İŞ PORTFÖY PARA PİYASASI FONU", "type": "Para Piyasası"},
  {"code": "APU", "name": "ZIRAAT PORTFÖY PARA PİYASASI FONU", "type": "Para Piyasası"},
  {"code": "ASE", "name": "ATA PORTFÖY STANDARD ENDEKSİ HİSSE SENEDİ FONU", "type": "Hisse Senedi"},
  {"code": "ASG", "name": "GARANTI PORTFÖY STANDARD ENDEKSİ HİSSE SENEDİ FONU", "type": "Hisse Senedi"},
  {"code": "ATH", "name": "ATA PORTFÖY GELECEK AMAÇLI TEKNOLOJI HİSSE SENEDİ FONU", "type": "Hisse Senedi"},
  {"code": "BBG", "name": "GEDIK PORTFÖY BİST BANKA ENDEKSİ HİSSE SENEDİ FONU", "type": "Hisse Senedi"},
  {"code": "BDB", "name": "DENİZ PORTFÖY BİST DIŞ HİZMETLER SEKTÖRÜ ENDEKS HİSSE SENEDİ FONU", "type": "Hisse Senedi"},
  {"code": "BFM", "name": "VAKIF PORTFÖY BİST FİNANS SEKTÖR ENDEKSİ HİSSE SENEDİ FONU", "type": "Hisse Senedi"},
  {"code": "BHL", "name": "DENİZ PORTFÖY BİST HOLDINGLERI ENDEKSİ HİSSE SENEDİ FONU", "type": "Hisse Senedi"},
  {"code": "BLS", "name": "HSBC PORTFÖY BİST LİKİT 10 ENDEKSİ HİSSE SENEDİ FONU", "type": "Hisse Senedi"},
  {"code": "BYH", "name": "YAPI KREDİ PORTFÖY YABANCI BORÇLANMA ARAÇLARI FONU", "type": "Dış Borç Araçları"},
  {"code": "DED", "name": "DENİZ PORTFÖY EUROBOND DÖVİZ DIŞTAN BORÇLANMA ARAÇLARI FONU", "type": "Dış Borç Araçları"},
  {"code": "DLY", "name": "DENİZ PORTFÖY PARA PİYASASI FONU", "type": "Para Piyasası"},
  {"code": "ESS", "name": "QNB FİNANSBANK PORTFÖY BİST 30 ENDEKSİ HİSSE SENEDİ FONU", "type": "Hisse Senedi"},
  {"code": "GAH", "name": "GARANTI PORTFÖY HİSSE SENEDİ FONU", "type": "Hisse Senedi"},
  {"code": "GAL", "name": "GARANTI PORTFÖY ALTIN FONU", "type": "Altın Fon"},
  {"code": "GAP", "name": "GARANTI PORTFÖY PARA PİYASASI FONU", "type": "Para Piyasası"},
  {"code": "GKD", "name": "GARANTI PORTFÖY KISA VADELİ BORÇLANMA ARAÇLARI FONU", "type": "Kısa Vadeli Borç"},
  {"code": "HAG", "name": "HSBC PORTFÖY AMERİKA BORSA YATIRIM FONU", "type": "Yabancı BYF"},
  {"code": "HBI", "name": "HSBC PORTFÖY BİST 30 ENDEKS BORSA YATIRIM FONU", "type": "BYF"},
  {"code": "HDB", "name": "HSBC PORTFÖY DİJİTAL OYUN FON SEPET BORSA YATIRIM FONU", "type": "BYF"},
  {"code": "HEG", "name": "HSBC PORTFÖY EUROBOND DÖVİZ DIŞTAN BORÇLANMA ARAÇLARI FONU", "type": "Dış Borç Araçları"},
  {"code": "HGD", "name": "HSBC PORTFÖY GELECEK ENERJİ HİSSE SENEDİ FON SEPET BORSA YATIRIM FONU", "type": "BYF"},
  {"code": "IAG", "name": "İŞ PORTFÖY ALTIN FONU", "type": "Altın Fon"},
  {"code": "ICF", "name": "İŞ PORTFÖY PARA PİYASASI FONU", "type": "Para Piyasası"},
  {"code": "ICG", "name": "İŞ PORTFÖY EUROBOND DÖVİZ DIŞTAN BORÇLANMA ARAÇLARI FONU", "type": "Dış Borç Araçları"},
  {"code": "IEK", "name": "İŞ PORTFÖY KATILIM BİST 50 ENDEKSİ HİSSE SENEDİ FONU", "type": "Hisse Senedi"},
  {"code": "IHS", "name": "İŞ PORTFÖY HİSSE SENEDİ FONU", "type": "Hisse Senedi"},
  {"code": "IKL", "name": "İŞ PORTFÖY KISA VADELİ BORÇLANMA ARAÇLARI FONU", "type": "Kısa Vadeli Borç"},
  {"code": "IPD", "name": "İŞ PORTFÖY DİJİTAL OYUN HİSSE SENEDİ FONU", "type": "Hisse Senedi"},
  {"code": "KAP", "name": "KT PORTFÖY PARA PİYASASI FONU", "type": "Para Piyasası"},
  {"code": "KED", "name": "KT PORTFÖY EUROBOND DÖVİZ DIŞTAN BORÇLANMA ARAÇLARI FONU", "type": "Dış Borç Araçları"},
  {"code": "KTD", "name": "KT PORTFÖY BİRİNCİ DEĞİŞKEN FON", "type": "Değişken Fon"},
  {"code": "MHK", "name": "MEKSA PORTFÖY KARMA FONU", "type": "Karma Fon"},
  {"code": "NED", "name": "NUROL PORTFÖY EUROBOND DÖVİZ DIŞTAN BORÇLANMA ARAÇLARI FONU", "type": "Dış Borç Araçları"},
  {"code": "OAH", "name": "OYAK PORTFÖY HİSSE SENEDİ FONU", "type": "Hisse Senedi"},
  {"code": "OAP", "name": "OYAK PORTFÖY PARA PİYASASI FONU", "type": "Para Piyasası"},
  {"code": "RED", "name": "ALBARAKA PORTFÖY KATILIM BORSA YATIRIM FONU", "type": "BYF"},
  {"code": "SSH", "name": "STRATEJI PORTFÖY HİSSE SENEDİ FONU", "type": "Hisse Senedi"},
  {"code": "TAH", "name": "TAB PORTFÖY HİSSE SENEDİ FONU", "type": "Hisse Senedi"},
  {"code": "TAK", "name": "TAB PORTFÖY KARMA FONU", "type": "Karma Fon"},
  {"code": "TAP", "name": "TAB PORTFÖY PARA PİYASASI FONU", "type": "Para Piyasası"},
  {"code": "TEA", "name": "TEB PORTFÖY ALTIN FONU", "type": "Altın Fon"},
  {"code": "TEE", "name": "TEB PORTFÖY EUROBOND DÖVİZ DIŞTAN BORÇLANMA ARAÇLARI FONU", "type": "Dış Borç Araçları"},
  {"code": "TEH", "name": "TEB PORTFÖY HİSSE SENEDİ FONU", "type": "Hisse Senedi"},
  {"code": "TEP", "name": "TEB PORTFÖY PARA PİYASASI FONU", "type": "Para Piyasası"},
  {"code": "TFK", "name": "TACİRLER PORTFÖY KARMA FONU", "type": "Karma Fon"},
  {"code": "VED", "name": "VAKIF PORTFÖY EUROBOND DÖVİZ DIŞTAN BORÇLANMA ARAÇLARI FONU", "type": "Dış Borç Araçları"},
  {"code": "YAG", "name": "YAPI KREDİ PORTFÖY ALTIN FONU", "type": "Altın Fon"},
  {"code": "YAP", "name": "YAPI KREDİ PORTFÖY PARA PİYASASI FONU", "type": "Para Piyasası"},
  {"code": "YAS", "name": "YAPI KREDİ PORTFÖY HİSSE SENEDİ FONU", "type": "Hisse Senedi"},
  {"code": "YDK", "name": "YAPI KREDİ PORTFÖY DOLAR BORSA YATIRIM FONU", "type": "BYF"},
  {"code": "YED", "name": "YAPI KREDİ PORTFÖY EUROBOND DÖVİZ DIŞTAN BORÇLANMA ARAÇLARI FONU", "type": "Dış Borç Araçları"},
  {"code": "YHY", "name": "YAPI KREDİ PORTFÖY HİBRİT KARMA FONU", "type": "Karma Fon"},
  {"code": "YKF", "name": "YAPI KREDİ PORTFÖY KARMA FONU", "type": "Karma Fon"},
  {"code": "YPD", "name": "YAPI KREDİ PORTFÖY PARA PİYASASI FONU", "type": "Para Piyasası"},
  {"code": "ZGA", "name": "ZİRAAT PORTFÖY ALTIN FONU", "type": "Altın Fon"},
  {"code": "ZPD", "name": "ZİRAAT PORTFÖY PARA PİYASASI FONU", "type": "Para Piyasası"}
]
