{
  "dates": [
    "2020-01",
    "2020-02",
    "2020-03",
    "2020-04",
    "2020-05",
    "2020-06",
    "2020-07",
    "2020-08",
    "2020-09",
    "2020-10",
    "2020-11",
    "2020-12",
    "2021-01",
    "2021-02",
    "2021-03",
    "2021-04",
    "2021-05",
    "2021-06",
    "2021-07",
    "2021-08",
    "2021-09",
    "2021-10",
    "2021-11",
    "2021-12",
    "2022-01",
    "2022-02",
    "2022-03",
    "2022-04",
    "2022-05",
    "2022-06",
    "2022-07",
    "2022-08",
    "2022-09",
    "2022-10",
    "2022-11",
    "2022-12",
    "2023-01",
    "2023-02",
    "2023-03",
    "2023-04",
    "2023-05",
    "2023-06",
    "2023-07",
    "2023-08",
    "2023-09",
    "2023-10",
    "2023-11",
    "2023-12",
    "2024-01",
    "2024-02",
    "2024-03",
    "2024-04",
    "2024-05",
    "2024-06",
    "2024-07",
    "2024-08",
    "2024-09",
    "2024-10",
    "2024-11",
    "2024-12",
    "2025-01",
    "2025-02",
    "2025-03",
    "2025-04",
    "2025-05",
    "2025-06",
    "2025-07",
    "2025-08",
    "2025-09",
    "2025-10"
  ],
  "values": [
    1.35,
    0.35,
    0.57,
    0.85,
    1.36,
    1.13,
    0.58,
    0.86,
    0.97,
    2.13,
    2.3,
    1.25,
    1.68,
    0.91,
    1.08,
    1.68,
    0.89,
    1.94,
    1.8,
    1.12,
    1.25,
    2.39,
    3.51,
    13.58,
    11.1,
    4.81,
    5.46,
    7.25,
    2.98,
    4.95,
    2.37,
    1.46,
    3.08,
    3.54,
    2.88,
    1.18,
    6.65,
    3.15,
    2.29,
    2.39,
    0.04,
    3.92,
    9.49,
    9.09,
    4.75,
    3.43,
    3.28,
    2.93,
    6.7,
    4.53,
    3.16,
    3.18,
    3.37,
    1.64,
    3.23,
    2.47,
    2.97,
    2.88,
    2.24,
    1.03,
    5.03,
    2.27,
    2.46,
    3.0,
    1.53,
    1.37,
    2.06,
    2.04,
    3.23,
    2.55
  ],
  "metadata": {
    "description": "TÜFE Aylık Değişim Oranları (%)",
    "source": "TÜİK - Tüketici Fiyat Endeksi",
    "period": "2020-01 - 2025-10",
    "data_points": 70,
    "unit": "percent",
    "base": "2003=100",
    "last_updated": "2025-11-09"
  }
}